chr	start	end	InsulationScore Change	ContrastIndex Change	SeparationScore Change	delta-DistalToLocalRatio	CorrelationDifference	IntraTADscore Change	InterTADscore Change	InteractionFrequencyChange	DirectionalRelativeFrequency
chr21	0	50000								0.0	
chr21	50000	100000								0.0	
chr21	100000	150000								0.0	
chr21	150000	200000								0.0	
chr21	200000	250000								0.0	
chr21	250000	300000								0.0	
chr21	300000	350000								0.0	
chr21	350000	400000								0.0	
chr21	400000	450000								0.0	
chr21	450000	500000								0.0	
chr21	500000	550000								0.0	
chr21	550000	600000								0.0	
chr21	600000	650000								0.0	
chr21	650000	700000								0.0	
chr21	700000	750000								0.0	
chr21	750000	800000								0.0	
chr21	800000	850000								0.0	
chr21	850000	900000								0.0	
chr21	900000	950000								0.0	
chr21	950000	1000000								0.0	
chr21	1000000	1050000								0.0	
chr21	1050000	1100000								0.0	
chr21	1100000	1150000								0.0	
chr21	1150000	1200000								0.0	
chr21	1200000	1250000								0.0	
chr21	1250000	1300000								0.0	
chr21	1300000	1350000								0.0	
chr21	1350000	1400000								0.0	
chr21	1400000	1450000								0.0	
chr21	1450000	1500000								0.0	
chr21	1500000	1550000								0.0	
chr21	1550000	1600000								0.0	
chr21	1600000	1650000								0.0	
chr21	1650000	1700000								0.0	
chr21	1700000	1750000								0.0	
chr21	1750000	1800000								0.0	
chr21	1800000	1850000								0.0	
chr21	1850000	1900000								0.0	
chr21	1900000	1950000								0.0	
chr21	1950000	2000000								0.0	
chr21	2000000	2050000								0.0	
chr21	2050000	2100000								0.0	
chr21	2100000	2150000								0.0	
chr21	2150000	2200000								0.0	
chr21	2200000	2250000								0.0	
chr21	2250000	2300000								0.0	
chr21	2300000	2350000								0.0	
chr21	2350000	2400000								0.0	
chr21	2400000	2450000								0.0	
chr21	2450000	2500000								0.0	
chr21	2500000	2550000								0.0	
chr21	2550000	2600000								0.0	
chr21	2600000	2650000								0.0	
chr21	2650000	2700000								0.0	
chr21	2700000	2750000								0.0	
chr21	2750000	2800000								0.0	
chr21	2800000	2850000								0.0	
chr21	2850000	2900000								0.0	
chr21	2900000	2950000								0.0	
chr21	2950000	3000000								0.0	
chr21	3000000	3050000								0.0	
chr21	3050000	3100000								0.0	
chr21	3100000	3150000								0.0	
chr21	3150000	3200000								0.0	
chr21	3200000	3250000								0.0	
chr21	3250000	3300000								0.0	
chr21	3300000	3350000								0.0	
chr21	3350000	3400000								0.0	
chr21	3400000	3450000								0.0	
chr21	3450000	3500000								0.0	
chr21	3500000	3550000								0.0	
chr21	3550000	3600000								0.0	
chr21	3600000	3650000								0.0	
chr21	3650000	3700000								0.0	
chr21	3700000	3750000								0.0	
chr21	3750000	3800000								0.0	
chr21	3800000	3850000								0.0	
chr21	3850000	3900000								0.0	
chr21	3900000	3950000								0.0	
chr21	3950000	4000000								0.0	
chr21	4000000	4050000								0.0	
chr21	4050000	4100000								0.0	
chr21	4100000	4150000								0.0	
chr21	4150000	4200000								0.0	
chr21	4200000	4250000								0.0	
chr21	4250000	4300000								0.0	
chr21	4300000	4350000								0.0	
chr21	4350000	4400000								0.0	
chr21	4400000	4450000								0.0	
chr21	4450000	4500000								0.0	
chr21	4500000	4550000								0.0	
chr21	4550000	4600000								0.0	
chr21	4600000	4650000								0.0	
chr21	4650000	4700000								0.0	
chr21	4700000	4750000								0.0	
chr21	4750000	4800000								0.0	
chr21	4800000	4850000								0.0	
chr21	4850000	4900000								0.0	
chr21	4900000	4950000								0.0	
chr21	4950000	5000000								0.0	
chr21	5000000	5050000								0.0	0.0
chr21	5050000	5100000								0.0	0.0
chr21	5100000	5150000								0.0	0.0
chr21	5150000	5200000								0.0	0.0
chr21	5200000	5250000								0.0	0.0
chr21	5250000	5300000								0.0	0.0
chr21	5300000	5350000								0.0	0.0
chr21	5350000	5400000								0.0	0.0
chr21	5400000	5450000								0.0	0.0
chr21	5450000	5500000								0.0	0.0
chr21	5500000	5550000								0.0	0.0
chr21	5550000	5600000								0.0	0.0
chr21	5600000	5650000								0.0	0.0
chr21	5650000	5700000								0.0	0.0
chr21	5700000	5750000								0.0	0.0
chr21	5750000	5800000								0.0	0.0
chr21	5800000	5850000								0.0	0.0
chr21	5850000	5900000								0.0	0.0
chr21	5900000	5950000								0.0	0.0
chr21	5950000	6000000								0.0	0.0
chr21	6000000	6050000								0.0	0.0
chr21	6050000	6100000								0.0	0.0
chr21	6100000	6150000								0.0	0.0
chr21	6150000	6200000								0.0	0.0
chr21	6200000	6250000								0.0	0.0
chr21	6250000	6300000								0.0	0.0
chr21	6300000	6350000								0.0	0.0
chr21	6350000	6400000								0.0	0.0
chr21	6400000	6450000								0.0	0.0
chr21	6450000	6500000								0.0	0.0
chr21	6500000	6550000								0.0	0.0
chr21	6550000	6600000								0.0	0.0
chr21	6600000	6650000								0.0	0.0
chr21	6650000	6700000								0.0	0.0
chr21	6700000	6750000								0.0	0.0
chr21	6750000	6800000								0.0	0.0
chr21	6800000	6850000								0.0	0.0
chr21	6850000	6900000								0.0	0.0
chr21	6900000	6950000								0.0	0.0
chr21	6950000	7000000								0.0	0.0
chr21	7000000	7050000								0.0	0.0
chr21	7050000	7100000								0.0	0.0
chr21	7100000	7150000								0.0	0.0
chr21	7150000	7200000								0.0	0.0
chr21	7200000	7250000								0.0	0.0
chr21	7250000	7300000								0.0	0.0
chr21	7300000	7350000								0.0	0.0
chr21	7350000	7400000								0.0	0.0
chr21	7400000	7450000								0.0	0.0
chr21	7450000	7500000								0.0	0.0
chr21	7500000	7550000								0.0	0.0
chr21	7550000	7600000								0.0	0.0
chr21	7600000	7650000								0.0	0.0
chr21	7650000	7700000								0.0	0.0
chr21	7700000	7750000								0.0	0.0
chr21	7750000	7800000								0.0	0.0
chr21	7800000	7850000								0.0	0.0
chr21	7850000	7900000								0.0	0.0
chr21	7900000	7950000								0.0	0.0
chr21	7950000	8000000								0.0	0.0
chr21	8000000	8050000								0.0	0.0
chr21	8050000	8100000								0.0	0.0
chr21	8100000	8150000								0.0	0.0
chr21	8150000	8200000								0.0	0.0
chr21	8200000	8250000								0.0	0.0
chr21	8250000	8300000								0.0	0.0
chr21	8300000	8350000								0.0	0.0
chr21	8350000	8400000								0.0	0.0
chr21	8400000	8450000								0.0	0.0
chr21	8450000	8500000								0.0	0.0
chr21	8500000	8550000								0.0	0.0
chr21	8550000	8600000								0.0	0.0
chr21	8600000	8650000								0.0	0.0
chr21	8650000	8700000								0.0	0.0
chr21	8700000	8750000								0.0	0.0
chr21	8750000	8800000								0.0	0.0
chr21	8800000	8850000								0.0	0.0
chr21	8850000	8900000								0.0	0.0
chr21	8900000	8950000								0.0	0.0
chr21	8950000	9000000								0.0	0.0
chr21	9000000	9050000								0.0	0.0
chr21	9050000	9100000								0.0	0.0
chr21	9100000	9150000								0.0	0.0
chr21	9150000	9200000								0.0	0.0
chr21	9200000	9250000								0.0	0.0
chr21	9250000	9300000								0.0	0.0
chr21	9300000	9350000								0.0	0.0
chr21	9350000	9400000								0.0	0.0
chr21	9400000	9450000								-0.039779279269429035	-0.012809
chr21	9450000	9500000	0.037838							0.08760096284780927	-0.285915
chr21	9500000	9550000	0.034089	-0.170308	-0.008387					0.11375056398750139	-0.308762
chr21	9550000	9600000	0.035891	-0.056978	-0.033365					-0.026602017860038407	-0.407777
chr21	9600000	9650000	0.038814	-0.068247	-0.016929					-0.16399458552475776	
chr21	9650000	9700000	0.053752	-0.099872	-0.006769					-0.05352906602729279	-0.158935
chr21	9700000	9750000	-0.003187	0.122113	-0.042533					0.04108999525889079	-0.111783
chr21	9750000	9800000	-0.01841	0.222236	-0.046158					-0.004355087494622656	-0.123001
chr21	9800000	9850000	-0.052959	0.22981	-0.035783					-0.015037028422296372	-0.007181
chr21	9850000	9900000	-0.020081	0.09213	-0.001085					-0.2981519899658217	0.03051
chr21	9900000	9950000	-0.044565	0.281037	-0.043095					-0.16873275110064256	-0.007884
chr21	9950000	10000000	-0.116964	0.539208	-0.117416					-0.1196144812518658	-0.008789
chr21	10000000	10050000	0.027583	-0.054566	-0.00472					-0.029359206331756482	-0.037904
chr21	10050000	10100000	0.062907	-0.264188	0.017447					-0.17135041018972008	
chr21	10100000	10150000	0.028169	-0.088349	-0.000229					0.03151390547199273	-0.065377
chr21	10150000	10200000	0.042315	-0.233075	0.019361					0.04025422627609243	-0.116643
chr21	10200000	10250000	0.013217	0.009005	-4.4e-05					-0.09968767335923545	-0.045281
chr21	10250000	10300000	0.02799	-0.064875	0.004692					0.0	0.0
chr21	10300000	10350000	0.027621	-0.061468	0.003372					0.0	0.0
chr21	10350000	10400000								0.13937599546202417	
chr21	10400000	10450000								-0.13293089835128125	0.003669
chr21	10450000	10500000								-0.10422017166362729	-0.050154
chr21	10500000	10550000								-0.13258475897560862	0.005217
chr21	10550000	10600000								-0.12664435692213782	
chr21	10600000	10650000								-0.1703169370172981	
chr21	10650000	10700000	0.027629	0.169901	-0.049173					0.0	
chr21	10700000	10750000					0.880345			-0.2278618878102886	
chr21	10750000	10800000								-0.21039520080436913	-0.010967
chr21	10800000	10850000								-0.147602655318117	-0.039743
chr21	10850000	10900000								-0.13474103618760536	-0.055699
chr21	10900000	10950000					0.901541			-0.10512763364363975	
chr21	10950000	11000000								-0.18148602778417167	0.053396
chr21	11000000	11050000	0.035459	0.18908	-0.034719		0.902378			-0.17853176732399123	0.020534
chr21	11050000	11100000	0.034681	0.19004	-0.038726		0.92496			-0.137513218438847	0.056344
chr21	11100000	11150000	0.025497				0.885454			-0.08777196431210343	
chr21	11150000	11200000					0.906245			-0.04285049862101187	0.038587
chr21	11200000	11250000								0.0	0.0
chr21	11250000	11300000								0.0	0.0
chr21	11300000	11350000								0.0	0.0
chr21	11350000	11400000								0.0	0.0
chr21	11400000	11450000								0.0	0.0
chr21	11450000	11500000								0.0	0.0
chr21	11500000	11550000								0.0	0.0
chr21	11550000	11600000								0.0	0.0
chr21	11600000	11650000								0.0	0.0
chr21	11650000	11700000								0.0	0.0
chr21	11700000	11750000								0.0	0.0
chr21	11750000	11800000								0.0	0.0
chr21	11800000	11850000								0.0	0.0
chr21	11850000	11900000								0.0	0.0
chr21	11900000	11950000								0.0	0.0
chr21	11950000	12000000								0.0	0.0
chr21	12000000	12050000								0.0	0.0
chr21	12050000	12100000								0.0	0.0
chr21	12100000	12150000								0.0	0.0
chr21	12150000	12200000								0.0	0.0
chr21	12200000	12250000								0.0	0.0
chr21	12250000	12300000								0.0	0.0
chr21	12300000	12350000								0.0	0.0
chr21	12350000	12400000								0.0	0.0
chr21	12400000	12450000								0.0	0.0
chr21	12450000	12500000								0.0	0.0
chr21	12500000	12550000								0.0	0.0
chr21	12550000	12600000								0.0	0.0
chr21	12600000	12650000								0.0	0.0
chr21	12650000	12700000								0.0	0.0
chr21	12700000	12750000								0.0	0.0
chr21	12750000	12800000								0.0	0.0
chr21	12800000	12850000								0.0	0.0
chr21	12850000	12900000								0.0	0.0
chr21	12900000	12950000								0.0	0.0
chr21	12950000	13000000								0.0	0.0
chr21	13000000	13050000								0.0	0.0
chr21	13050000	13100000								0.0	0.0
chr21	13100000	13150000								0.0	0.0
chr21	13150000	13200000								0.0	0.0
chr21	13200000	13250000								0.0	0.0
chr21	13250000	13300000								0.0	0.0
chr21	13300000	13350000								0.0	0.0
chr21	13350000	13400000								0.0	0.0
chr21	13400000	13450000								0.0	0.0
chr21	13450000	13500000								0.0	0.0
chr21	13500000	13550000								0.0	0.0
chr21	13550000	13600000								0.0	0.0
chr21	13600000	13650000								0.0	0.0
chr21	13650000	13700000								0.0	0.0
chr21	13700000	13750000								0.0	0.0
chr21	13750000	13800000								0.0	0.0
chr21	13800000	13850000								0.0	0.0
chr21	13850000	13900000								0.0	0.0
chr21	13900000	13950000								0.0	0.0
chr21	13950000	14000000								0.0	0.0
chr21	14000000	14050000								0.0	0.0
chr21	14050000	14100000								0.0	0.0
chr21	14100000	14150000								0.0	0.0
chr21	14150000	14200000								0.0	0.0
chr21	14200000	14250000								0.0	0.0
chr21	14250000	14300000								0.0	0.0
chr21	14300000	14350000								-0.14578329387355538	-0.038988
chr21	14350000	14400000	-0.005457			0.224459	0.869189			-0.04663069026701816	0.054402
chr21	14400000	14450000	-0.013858	0.266085	-0.074622		0.90443			-0.006691380928707247	-0.059506
chr21	14450000	14500000	-0.053031	0.402036	-0.116949					0.0741813882266551	
chr21	14500000	14550000	-0.039035	0.360723	-0.099115					-0.001011110474108623	0.066286
chr21	14550000	14600000	-0.024	0.287962	-0.066317	0.353424				0.06761033117587534	-6.3e-05
chr21	14600000	14650000	-0.026268	0.262722	-0.05372	0.238916	0.914514			0.08154432514579524	0.004765
chr21	14650000	14700000	-0.013538	0.243339	-0.068422	0.221165	0.913892			0.08829870692449804	0.075408
chr21	14700000	14750000	0.001382	0.192565	-0.056213	0.279678	0.88949			0.05622702842816252	0.048039
chr21	14750000	14800000					0.893867			0.06977376063477725	
chr21	14800000	14850000					0.917173			0.06646916917355505	
chr21	14850000	14900000					0.905442			0.03928150027866706	0.225166
chr21	14900000	14950000								0.025128269337576503	0.244595
chr21	14950000	15000000				0.149101				-0.019965285775235264	
chr21	15000000	15050000				0.189375				-0.00039367842554560717	
chr21	15050000	15100000	-0.014491	0.210726	-0.038248					0.0	
chr21	15100000	15150000				0.161529				-0.016605360893545695	
chr21	15150000	15200000								0.10237909620188312	0.036073
chr21	15200000	15250000					0.892493			0.02063223646415513	
chr21	15250000	15300000					0.897679			0.023950276738753162	0.246782
chr21	15300000	15350000					0.891418			-0.01016632126841266	
chr21	15350000	15400000					0.904605			-0.02792462167266274	
chr21	15400000	15450000	0.055499	0.168825	-0.015378		0.915963			0.03196079780932504	
chr21	15450000	15500000	0.085662	0.11623	-0.057967		0.929833			0.03160056462877314	
chr21	15500000	15550000	0.128363	0.056965	-0.044363		0.922978			0.05867457780635599	0.188865
chr21	15550000	15600000	0.162532	-0.012695	-0.011632		0.924533			0.07002701968116432	
chr21	15600000	15650000	0.175264	-0.05661	0.007682	0.325573	0.926196	-0.049548		0.03086621743012552	0.091282
chr21	15650000	15700000	0.172211	-0.030878	0.013906		0.920191	-0.04889		-0.015203793178829805	
chr21	15700000	15750000	0.16979	0.005551	-0.003273	0.233259	0.915536	-0.120103		-0.05539908225022838	
chr21	15750000	15800000	0.144779	0.080806	-0.033002		0.911201	-0.178717	-0.115975	0.004075366947424497	-0.090976
chr21	15800000	15850000	0.103531	0.184148	-0.06308	0.323268	0.912607	-0.137073	-0.10794	-0.026173594076026818	-0.119969
chr21	15850000	15900000	0.042164	0.333238	-0.096826	0.238403	0.911734	-0.014934	-0.096719	-0.0584444233597432	-0.053203
chr21	15900000	15950000	0.012017	0.404779	-0.113965	0.224377	0.90822	0.048699	-0.114294	-0.04291277924066672	0.015349
chr21	15950000	16000000	0.012075	0.401425	-0.096929		0.902893	0.052703	-0.159372	-0.04372716479549643	0.005969
chr21	16000000	16050000	0.027042	0.340787	-0.081261		0.903214	0.067264	-0.111684	-0.019693576350791053	0.048284
chr21	16050000	16100000	0.055084	0.268589	-0.069334	0.309636	0.914803	0.017134	-0.014576	-0.024068746387706508	0.131072
chr21	16100000	16150000	0.063254	0.226682	-0.06011	0.362965	0.914422	0.038421	0.025439	-0.04298377845686274	0.120281
chr21	16150000	16200000	0.072166	0.203678	-0.053707	0.326089	0.912524	-0.044158	0.011861	-0.048521291832085645	0.112123
chr21	16200000	16250000	0.091107	0.175359	-0.039942	0.393381	0.913848	-0.096871	-0.028694	-0.03429411982658448	0.146484
chr21	16250000	16300000	0.074113	0.217963	-0.051594		0.909019	0.058188	-0.060165	-0.06702294439491507	0.163603
chr21	16300000	16350000	0.068747	0.242512	-0.06762		0.897998	0.076059	-0.094643	-0.09266066996933475	0.188228
chr21	16350000	16400000	0.052603	0.25456	-0.069154	0.255934	0.914233	0.11367	-0.10178	-0.052389747660170016	0.099842
chr21	16400000	16450000	0.03815	0.275435	-0.076602	0.286791	0.908405	0.032775	-0.089409	-0.10678071683166723	0.153402
chr21	16450000	16500000	-0.0025	0.346063	-0.091047	0.289043	0.910424	0.031908	-0.088865	-0.07331657475167197	0.16242
chr21	16500000	16550000	-0.010219	0.355124	-0.093495	0.328162	0.914736	0.084747	-0.080104	-0.07289359721143163	0.190662
chr21	16550000	16600000	-0.015451	0.366576	-0.091199	0.258971	0.902991	0.001971	-0.09937	-0.0776000443335444	0.156636
chr21	16600000	16650000	-0.025323	0.396971	-0.100202	0.256039	0.905496	0.087483	-0.066448	-0.07150810813400699	0.187758
chr21	16650000	16700000	-0.011547	0.392008	-0.105256		0.913599	-0.029056	-0.010336	-0.05079258399871267	0.161163
chr21	16700000	16750000	0.013399	0.349728	-0.099028	0.300379	0.908808	-0.003608	0.002325	-0.06273102668015795	0.291281
chr21	16750000	16800000	0.041504	0.290098	-0.086784	0.311733	0.913733	-0.089339	0.011358	-0.04298377845686274	0.25567
chr21	16800000	16850000	0.085407	0.185717	-0.055272	0.386096	0.918046	-0.213993	0.028229	-0.061848608925303306	0.260323
chr21	16850000	16900000	0.10225	0.103236	-0.025003		0.923331	-0.342578	0.045922	0.0070348793174519475	0.251918
chr21	16900000	16950000	0.109305	0.074892	-0.024455	0.389741	0.911195	-0.346559	0.051799	-0.02322000318451578	0.285106
chr21	16950000	17000000	0.105939	0.094258	-0.032484	0.372219	0.913778	0.040707	0.031697	-0.02200961856805117	0.272346
chr21	17000000	17050000	0.077729	0.206775	-0.059109	0.222421	0.913316	0.054829	-0.067133	-0.023140188819460006	0.211791
chr21	17050000	17100000	0.057209	0.296616	-0.069686	0.130449	0.905417	0.036996	-0.19073	-0.04634346393730926	0.207988
chr21	17100000	17150000	0.043235	0.337313	-0.081483	0.088475	0.894729	0.073548	-0.237378	-0.0053017515536706306	0.2047
chr21	17150000	17200000	0.063739	0.27101	-0.067599	0.094932	0.895527	-0.008744	-0.260473	-0.010380273027029707	0.234033
chr21	17200000	17250000	0.092802	0.140287	-0.039923	0.112109	0.887178	0.049166	-0.252757	-0.01694340442449871	0.198189
chr21	17250000	17300000	0.101215	0.053605	-0.0198	0.251364	0.916691	0.128975	-0.150193	-0.017383114807399735	0.120214
chr21	17300000	17350000	0.074768	0.105828	-0.030169		0.929328	-0.308101	-0.029134	0.016023152803701146	0.051412
chr21	17350000	17400000	0.040573	0.222707	-0.048379	0.317341	0.921892	-0.251966	0.027519	0.056371527468473515	0.103949
chr21	17400000	17450000	0.04414	0.250419	-0.057168	0.370336	0.930727	-0.245151	0.040478	0.07409528499821882	0.108684
chr21	17450000	17500000	0.010519	0.35524	-0.093253		0.934002	-0.263979	0.035457	0.07357799460021708	0.111287
chr21	17500000	17550000	0.005584	0.351039	-0.094644	0.324649	0.92875	-0.193711	0.033423	0.05833508975495505	
chr21	17550000	17600000	-0.003124	0.360893	-0.090314		0.930722	-0.130169	0.008346	0.08130140728681945	0.080195
chr21	17600000	17650000	-0.01039	0.36216	-0.092159	0.324614	0.925286	-0.13011	0.018405	0.09728599125185333	0.115617
chr21	17650000	17700000	-0.00743	0.350968	-0.0852		0.928739	-0.117818	0.026472	0.09885528299989943	0.135978
chr21	17700000	17750000	0.007351	0.310756	-0.076438	0.338113	0.931834	-0.180083	0.033659	0.10581791973889687	0.093964
chr21	17750000	17800000	-5.4e-05	0.319783	-0.079376	0.367066	0.932273	-0.124052	0.005581	0.09268943789810269	0.151704
chr21	17800000	17850000	0.009591	0.317335	-0.076522	0.332809	0.934697	-0.04672	-0.02371	0.09722224631486309	0.153043
chr21	17850000	17900000	0.010121	0.304272	-0.078372	0.308579	0.925255	-0.138255	-0.007526	0.08285959638717033	0.158694
chr21	17900000	17950000	0.016769	0.306342	-0.079954	0.338123	0.94378	-0.092024	0.013089	0.09173060343500228	0.147827
chr21	17950000	18000000	0.011438	0.312523	-0.08193		0.929274	-0.090313	0.017555	0.09313606142589603	0.166608
chr21	18000000	18050000	-0.002022	0.332317	-0.08268	0.309291	0.934566	-0.102163	0.027759	0.10740242546470347	0.164171
chr21	18050000	18100000	-0.003311	0.329485	-0.081517	0.354907	0.940208	-0.074422	0.048414	0.10475362484590311	0.182115
chr21	18100000	18150000	-0.005401	0.322811	-0.081963	0.327502	0.937943	-0.0674	0.030919	0.07988224796525367	0.196938
chr21	18150000	18200000	-0.012297	0.336111	-0.083997	0.287694	0.932373	-0.04823	0.005987	0.07393171432893597	0.211641
chr21	18200000	18250000	-0.016833	0.343405	-0.085954	0.284424	0.92324	-0.126239	0.016396	0.08130140728681945	0.171978
chr21	18250000	18300000	-0.017177	0.34586	-0.087907	0.280279	0.930957	-0.108492	0.040959	0.07363188207895299	0.186933
chr21	18300000	18350000	-0.02293	0.356305	-0.090094	0.344122	0.934805	-0.113748	0.056173	0.06197643691953614	0.211536
chr21	18350000	18400000	-0.038476	0.401195	-0.099393	0.279585	0.931409	-0.141855	0.028694	0.0779576527962329	
chr21	18400000	18450000	-0.019971	0.375064	-0.095275	0.295366	0.936749	-0.205657	-0.003749	0.06622694728594603	
chr21	18450000	18500000	-0.012246	0.374102	-0.105042	0.246963	0.925877	-0.199366	-0.004073	0.03260079533496962	0.264429
chr21	18500000	18550000	0.015693	0.308633	-0.087075	0.239852	0.938381	-0.227722	0.027582	0.04946177787522976	0.251639
chr21	18550000	18600000	0.043964	0.199646	-0.046425	0.252081	0.935708	-0.222488	0.053992	0.08200235720881488	0.323994
chr21	18600000	18650000	0.071267	0.057131	-0.024745	0.252505	0.929877	-0.289617	0.043459	0.03331653275895263	0.313174
chr21	18650000	18700000	0.092557	-0.046044	-0.005975	0.277098	0.926277	-0.415602	0.007963	-0.007155132887359361	0.269675
chr21	18700000	18750000	0.098281	-0.04821	-0.002711	0.318987	0.928037	0.084874	-0.07374	0.002140311265365513	0.241149
chr21	18750000	18800000	0.042758	0.228489	-0.051787	0.143203	0.917048	0.138418	-0.220114	-0.07807676819052856	0.207137
chr21	18800000	18850000	0.008663	0.380755	-0.094142	0.04792	0.905287	0.258247	-0.290037	-0.027679058056306438	0.238933
chr21	18850000	18900000	0.041091	0.299703	-0.076933	0.066814	0.912951	0.189794	-0.280875	-0.006004348611123644	0.235038
chr21	18900000	18950000	0.106151	0.089183	-0.02586	0.098216	0.910871	0.114934	-0.262547	-0.013808126096597206	0.208055
chr21	18950000	19000000	0.145478	-0.085402	0.018671	0.113148	0.912503	-0.031223	-0.221078	-0.01956848658471788	0.125956
chr21	19000000	19050000	0.137125	-0.075709	0.016662	0.198269	0.920944	0.012495	-0.161562	-0.04383868425812154	0.012471
chr21	19050000	19100000	0.09413	0.053629	-0.018415	0.174064	0.92722	0.061372	-0.132663	-0.05675038545779221	-0.081369
chr21	19100000	19150000	0.029136	0.277871	-0.067355	0.088049	0.91667	0.136955	-0.163371	-0.04028645825435606	-0.032798
chr21	19150000	19200000	-0.026971	0.42521	-0.097147	0.04586	0.911273	0.213594		-0.035596650636585236	-0.048002
chr21	19200000	19250000	-0.037843	0.432699	-0.099221	0.06596	0.912341	0.170992		-0.038667955120587516	-0.096249
chr21	19250000	19300000	0.01278	0.240424	-0.054232	0.178543	0.921597	-0.074849		-0.012593747903167918	-0.22912
chr21	19300000	19350000	0.029472	0.147557	-0.046894	0.262018	0.926942			-0.02628850770915414	-0.302198
chr21	19350000	19400000	0.027437	0.174184	-0.056605	0.212237	0.934446			0.02093505807805407	-0.375029
chr21	19400000	19450000	0.020719	0.245502	-0.069488	0.191146	0.937565			0.04271940370150906	-0.381032
chr21	19450000	19500000	0.004439	0.348989	-0.08506	0.229675	0.938704			0.07607522147937695	-0.352121
chr21	19500000	19550000	0.005038	0.359847	-0.08495	0.184511	0.931718			0.07586591959497402	-0.344639
chr21	19550000	19600000	0.014208	0.339082	-0.090909	0.213536	0.934834			0.1019343660291987	-0.301589
chr21	19600000	19650000	0.013492	0.317798	-0.098318	0.199938	0.922731			0.10754029775844032	
chr21	19650000	19700000	0.037723	0.286569	-0.08799	0.253463	0.933523			0.09958958032374632	-0.410524
chr21	19700000	19750000	0.050988	0.265198	-0.076955	0.223366	0.934287			0.12421407869712975	-0.42693
chr21	19750000	19800000	0.049378	0.274844	-0.071802	0.216198	0.939846			0.11386236315547893	-0.423812
chr21	19800000	19850000	0.057123	0.280721	-0.068016	0.252074	0.931271			0.09417261806403832	-0.450592
chr21	19850000	19900000	0.045442	0.306937	-0.076862	0.31007	0.936587			0.11857446168843766	-0.45732
chr21	19900000	19950000	0.046836	0.30722	-0.079681	0.266679	0.932762			0.11919928579720107	-0.409097
chr21	19950000	20000000	0.038888	0.322489	-0.086617	0.208823	0.930535			0.12438143748787334	-0.368958
chr21	20000000	20050000	0.038571	0.327627	-0.08737	0.30621	0.937955			0.13093501863207546	-0.335357
chr21	20050000	20100000	0.038272	0.327908	-0.084674	0.298065	0.941074			0.08665278612987892	-0.325451
chr21	20100000	20150000	0.037755	0.323386	-0.082039	0.2755	0.934344			0.07596045680052832	-0.312899
chr21	20150000	20200000	0.0331	0.335359	-0.082366	0.308805	0.930165			0.08565006837570177	-0.283522
chr21	20200000	20250000	0.038647	0.319973	-0.079375	0.263093	0.925283			0.07498027870625634	-0.271447
chr21	20250000	20300000	0.053856	0.283424	-0.070638	0.361486	0.925985			0.09958958032374632	-0.237147
chr21	20300000	20350000	0.059054	0.255133	-0.062533	0.287767	0.930573			0.08195721366517716	-0.222545
chr21	20350000	20400000	0.057334	0.267438	-0.06782	0.353088	0.926265			0.10200182514989287	-0.209379
chr21	20400000	20450000	0.058665	0.268984	-0.065696	0.346232	0.941168			0.08725337624289531	-0.208675
chr21	20450000	20500000	0.052307	0.267979	-0.061771	0.295104	0.930912			0.08134878549445523	-0.22024
chr21	20500000	20550000	0.040889	0.297559	-0.069433	0.334139	0.939715			0.08636395548666287	-0.225176
chr21	20550000	20600000	0.040517	0.30066	-0.071136	0.315594	0.93284			0.10315856794712963	-0.219789
chr21	20600000	20650000	0.046532	0.291835	-0.071394	0.366522	0.941057			0.10429364849533451	-0.201426
chr21	20650000	20700000	0.037066	0.304117	-0.078543	0.354929	0.932175			0.09528017511103504	-0.191852
chr21	20700000	20750000	0.041873	0.30989	-0.078587	0.351978	0.930837			0.10033434474764658	-0.171107
chr21	20750000	20800000	0.070307	0.246298	-0.05885	0.327448	0.932664			0.09274754652255157	-0.177158
chr21	20800000	20850000	0.070004	0.232301	-0.052375	0.358829	0.925889			0.07235680597223637	-0.150711
chr21	20850000	20900000	0.069334	0.233305	-0.054987	0.354299	0.931342			0.10267820617653434	-0.145513
chr21	20900000	20950000	0.06779	0.245402	-0.057333	0.316331	0.929907			0.10449752251392974	-0.147121
chr21	20950000	21000000	0.060467	0.258332	-0.064641	0.371444	0.937327			0.10090320620583992	-0.106995
chr21	21000000	21050000	0.052956	0.272949	-0.067452	0.300276	0.928868			0.09396499255323865	-0.144002
chr21	21050000	21100000	0.050542	0.289746	-0.071681	0.365083	0.93839			0.07739433272682783	-0.0653
chr21	21100000	21150000	0.055984	0.279378	-0.067976	0.406902	0.9168			0.06919063367043798	-0.10267
chr21	21150000	21200000	0.06395	0.269417	-0.067616	0.381299	0.933892			0.08156782185520317	-0.075217
chr21	21200000	21250000	0.052573	0.27845	-0.068919	0.311584	0.934631			0.07398184363569382	-0.091422
chr21	21250000	21300000	0.056381	0.26838	-0.062859	0.388797	0.932695			0.09010621622977277	-0.062535
chr21	21300000	21350000	0.066707	0.23037	-0.053732	0.402397	0.936427			0.07192742797625473	-0.050398
chr21	21350000	21400000	0.065518	0.232628	-0.057224	0.36801	0.931905			0.0664372168290368	-0.051114
chr21	21400000	21450000	0.051878	0.264868	-0.06386	0.341032	0.918756			0.06965813010219613	-0.052069
chr21	21450000	21500000	0.045051	0.290385	-0.071027	0.422567	0.933877			0.08080894134926497	-0.048975
chr21	21500000	21550000	0.040124	0.310594	-0.075069	0.389018	0.934422			0.05996174368749174	-0.04955
chr21	21550000	21600000	0.053383	0.265025	-0.06331	0.339527	0.920706			0.07783576373332912	-0.073774
chr21	21600000	21650000	0.05933	0.251585	-0.061057	0.385503	0.94137			0.09650236603474349	-0.009901
chr21	21650000	21700000	0.045269	0.265353	-0.066418	0.380973	0.928149			0.11186263129695284	-0.013417
chr21	21700000	21750000	0.046393	0.271698	-0.066163	0.401011	0.929799			0.08665982609769096	0.047695
chr21	21750000	21800000	0.060578	0.255501	-0.060023	0.398799	0.92729			0.07027460361865923	0.047877
chr21	21800000	21850000	0.054846	0.26965	-0.066048	0.358263	0.929982			0.07438161665470444	0.0547
chr21	21850000	21900000	0.054731	0.271967	-0.067918	0.388625	0.938604			0.09587128905717557	0.014815
chr21	21900000	21950000	0.066573	0.234381	-0.056728	0.331469	0.932542			0.08716054364651349	0.021256
chr21	21950000	22000000	0.076422	0.229119	-0.055954	0.402726	0.935616			0.08860575403883275	-0.006442
chr21	22000000	22050000	0.072075	0.233965	-0.054898	0.341195	0.94113			0.09028568807701842	0.007761
chr21	22050000	22100000	0.061261	0.273039	-0.070887	0.366864	0.932879			0.07171925639773802	0.073315
chr21	22100000	22150000	0.070508	0.261853	-0.068409	0.35484	0.933661			0.06669583968783077	0.075745
chr21	22150000	22200000	0.066463	0.266917	-0.071629	0.362074	0.933647			0.07133732704387463	0.072964
chr21	22200000	22250000	0.071954	0.248939	-0.066804	0.371896	0.930684			0.08379450014160739	0.030625
chr21	22250000	22300000	0.084214	0.215763	-0.059168	0.382468	0.929973			0.07655408811155073	0.021111
chr21	22300000	22350000	0.103765	0.170418	-0.044382	0.359082	0.932586			0.10340037461849594	-0.039607
chr21	22350000	22400000	0.107148	0.168863	-0.044528	0.38764	0.941531			0.05994164283731074	-0.079464
chr21	22400000	22450000	0.10405	0.175692	-0.037733	0.351136	0.934359			0.08184629236869645	-0.107832
chr21	22450000	22500000	0.109861	0.168515	-0.044911	0.387552	0.927443			0.09651519986138557	-0.111252
chr21	22500000	22550000	0.089229	0.205342	-0.057973	0.343986	0.935541			0.10424672045927408	-0.128351
chr21	22550000	22600000	0.087133	0.214699	-0.059293	0.318334	0.934753			0.10345780874216803	-0.132867
chr21	22600000	22650000	0.074209	0.250015	-0.066583	0.318683	0.934086			0.06769299981630228	-0.146646
chr21	22650000	22700000	0.057667	0.28267	-0.071738	0.326605	0.934494			0.06914035376821204	-0.128728
chr21	22700000	22750000	0.057432	0.288931	-0.074495	0.330342	0.933161			0.11860573565199695	-0.100777
chr21	22750000	22800000	0.048871	0.27816	-0.070172	0.316087	0.940952			0.07814177595059979	-0.057487
chr21	22800000	22850000	0.035932	0.303853	-0.079494	0.287918	0.929243			0.06309709999985946	-0.049282
chr21	22850000	22900000	0.040627	0.2755	-0.071382	0.304439	0.934042			0.07420769269124139	-0.062493
chr21	22900000	22950000	0.04395	0.277899	-0.070948	0.330971	0.93163			0.09525934984047368	-0.075282
chr21	22950000	23000000	0.040487	0.293826	-0.075883	0.302329	0.931185			0.07172947590239143	-0.011539
chr21	23000000	23050000	0.034841	0.325545	-0.080895	0.292295	0.925335			0.06119742582457621	0.016184
chr21	23050000	23100000	0.047971	0.301878	-0.075688	0.400091	0.937199			0.0772235938490875	0.032059
chr21	23100000	23150000	0.06208	0.263679	-0.065947	0.393621	0.932294			0.018751718993432087	0.02487
chr21	23150000	23200000	0.066751	0.243374	-0.062094	0.363674	0.929379			0.07338791580975235	0.019677
chr21	23200000	23250000	0.061965	0.243629	-0.066429	0.353184	0.941403			0.04390972058918052	0.019698
chr21	23250000	23300000	0.066924	0.233192	-0.060554	0.307319	0.928104			0.05869425979909759	0.058607
chr21	23300000	23350000	0.057404	0.253914	-0.065062	0.314678	0.938102			0.0646465683967119	0.093009
chr21	23350000	23400000	0.055632	0.258936	-0.058639	0.354805	0.93183			0.08665982609769096	0.094746
chr21	23400000	23450000	0.061583	0.242444	-0.058408	0.366798	0.924898			0.06914035376821204	0.096669
chr21	23450000	23500000	0.058797	0.250307	-0.058611	0.380151	0.93742			0.06304417864217027	0.063286
chr21	23500000	23550000	0.039742	0.294659	-0.068323	0.365092	0.934395			0.08017786437169705	0.100136
chr21	23550000	23600000	0.03621	0.304097	-0.074024	0.354024	0.925601			0.06027863899373731	0.105826
chr21	23600000	23650000	0.017236	0.332112	-0.079072	0.377297	0.915375			0.055784853622237174	0.135386
chr21	23650000	23700000	0.026716	0.30407	-0.069845	0.322913	0.933991			0.08430366099661235	0.113636
chr21	23700000	23750000	0.025642	0.288846	-0.069447	0.341277	0.92578			0.05994164283731074	0.081412
chr21	23750000	23800000	0.027312	0.276738	-0.067911	0.375574	0.928362			0.07524535657025888	0.093161
chr21	23800000	23850000	0.027262	0.292186	-0.074542	0.378325	0.938392			0.07705412183707305	0.135915
chr21	23850000	23900000	0.031163	0.310787	-0.080829	0.393438	0.928567			0.05803124520146552	0.211606
chr21	23900000	23950000	0.031298	0.339901	-0.089069	0.400155	0.924397			0.06317593199784644	0.234213
chr21	23950000	24000000	0.047368	0.317126	-0.084949	0.387455	0.937503			0.09458060801659296	0.246511
chr21	24000000	24050000	0.0566	0.290472	-0.07422	0.426948	0.926603			0.090690458150962	0.250898
chr21	24050000	24100000	0.071973	0.244535	-0.065585	0.385575	0.932029			0.0912323195566731	0.26368
chr21	24100000	24150000	0.091379	0.189751	-0.046542	0.359304	0.938202			0.08717732510005294	0.2724
chr21	24150000	24200000	0.116078	0.132404	-0.032261	0.41965	0.931028			0.09120790385844124	0.252172
chr21	24200000	24250000	0.111404	0.171189	-0.037493	0.346237	0.925242			0.07192742797625473	0.199524
chr21	24250000	24300000	0.091295	0.234414	-0.061734	0.296712	0.931409			0.08936113892994402	0.133542
chr21	24300000	24350000	0.093838	0.243078	-0.068563	0.340215	0.928524			0.06058584773779363	0.082011
chr21	24350000	24400000	0.101159	0.233623	-0.067712	0.31873	0.934525			0.06366682719692585	0.096714
chr21	24400000	24450000	0.084745	0.252957	-0.071681	0.37305	0.939411			0.07912630915314978	0.061085
chr21	24450000	24500000	0.077148	0.255146	-0.065923	0.380874	0.934487			0.0817345064790127	0.060711
chr21	24500000	24550000	0.06296	0.26052	-0.0641	0.39731	0.933033			0.08850461233240559	0.011236
chr21	24550000	24600000	0.055918	0.278332	-0.060525	0.352178	0.930186			0.08878431137874832	0.030171
chr21	24600000	24650000	0.057274	0.280315	-0.064867	0.29865	0.931967			0.07172947590239143	-0.016965
chr21	24650000	24700000	0.045677	0.298801	-0.070735	0.358756	0.92395			0.07581913011212404	0.022643
chr21	24700000	24750000	0.034518	0.318054	-0.074482	0.415891	0.930987			0.08878431137874832	0.037741
chr21	24750000	24800000	0.043717	0.287743	-0.067285	0.380078	0.924358			0.08645778328665421	0.081985
chr21	24800000	24850000	0.042648	0.272617	-0.068805	0.355326	0.909644			0.10700068853940836	0.089145
chr21	24850000	24900000	0.044624	0.253205	-0.066585	0.362732	0.920884			0.09528017511103504	0.082322
chr21	24900000	24950000	0.04225	0.261101	-0.066075	0.418989	0.922166			0.09197213377274038	0.100791
chr21	24950000	25000000	0.041535	0.269361	-0.072132	0.372763	0.932856			0.09326267919256104	0.086803
chr21	25000000	25050000	0.038505	0.273766	-0.07374	0.41998	0.933395			0.07378304169102679	0.107665
chr21	25050000	25100000	0.048257	0.267408	-0.066841	0.429488	0.933479			0.10685607371861106	0.095636
chr21	25100000	25150000	0.037262	0.2958	-0.069796	0.41452	0.937577			0.07067164498898926	0.110115
chr21	25150000	25200000	0.046273	0.263542	-0.059569	0.40447	0.929973			0.08391019549376955	0.092209
chr21	25200000	25250000	0.054497	0.238839	-0.055166	0.351746	0.938155			0.04329324707271742	0.120468
chr21	25250000	25300000	0.056963	0.242828	-0.058725	0.378978	0.9378			0.054163768634183374	0.117547
chr21	25300000	25350000	0.076401	0.196606	-0.052972	0.399914	0.929658			0.03197991216873586	0.138244
chr21	25350000	25400000	0.067027	0.207053	-0.052379	0.331037	0.933702			0.061513516667694335	0.113115
chr21	25400000	25450000	0.053088	0.247683	-0.059212	0.413604	0.933176			0.06669583968783077	0.104312
chr21	25450000	25500000	0.065857	0.237369	-0.055267	0.362184	0.924548			0.09010621622977277	0.125515
chr21	25500000	25550000	0.063123	0.239872	-0.056292	0.353026	0.917492			0.09528017511103504	0.164818
chr21	25550000	25600000	0.055223	0.263659	-0.066614	0.315607	0.91825			0.09146182652776003	0.192628
chr21	25600000	25650000	0.049203	0.271614	-0.06824	0.354524	0.936968			0.09839359284352023	0.166594
chr21	25650000	25700000	0.05003	0.276053	-0.066197	0.402221	0.942031			0.12716453415738171	0.160454
chr21	25700000	25750000	0.045855	0.286153	-0.065632	0.412032	0.930761			0.11017764900201699	0.172639
chr21	25750000	25800000	0.038872	0.300135	-0.071739	0.321123	0.92517			0.077512827398583	0.229763
chr21	25800000	25850000	0.024834	0.321309	-0.078768	0.365643	0.928491			0.07998815773133217	0.237504
chr21	25850000	25900000	0.039107	0.281845	-0.06864	0.30585	0.911294			0.0664372168290368	0.220665
chr21	25900000	25950000	0.04395	0.259816	-0.062813	0.387502	0.937299			0.0752046878135646	0.244438
chr21	25950000	26000000	0.038411	0.27164	-0.07094	0.35198	0.937134			0.07636701348848685	0.276855
chr21	26000000	26050000	0.026532	0.302265	-0.082833	0.331281	0.92964			0.08689745141391492	0.2845
chr21	26050000	26100000	0.021755	0.306234	-0.080213	0.384494	0.940087			0.08134878549445523	0.286651
chr21	26100000	26150000	0.007431	0.350875	-0.097538	0.390365	0.9291			0.07909746209179813	0.278323
chr21	26150000	26200000	-0.014462	0.380403	-0.102901	0.36977	0.930481			0.09353094962849196	0.305181
chr21	26200000	26250000	-0.021995	0.377225	-0.101507	0.379834	0.932241			0.10136069786154356	0.325008
chr21	26250000	26300000	-0.023973	0.356091	-0.092512	0.367902	0.93301			0.09246218102976456	0.326105
chr21	26300000	26350000	-0.038296	0.38166	-0.100878	0.393709	0.940581			0.08393850982251583	0.361505
chr21	26350000	26400000	-0.041735	0.398661	-0.101481	0.418694	0.944916			0.07710989539076096	0.416417
chr21	26400000	26450000	-0.05856	0.427498	-0.103597	0.374801	0.930059			0.08822775617666734	0.465771
chr21	26450000	26500000	-0.050092	0.452066	-0.118211	0.373157	0.931879			0.07259707606150045	0.478467
chr21	26500000	26550000	-0.049161	0.491193	-0.136857	0.347067	0.915477			0.06562952240646647	0.531084
chr21	26550000	26600000	-0.029989	0.478032	-0.136191	0.331638	0.939977			0.09461887110159495	0.564001
chr21	26600000	26650000	0.001904	0.397109	-0.123921	0.3102	0.940184			0.09633385296483876	0.635023
chr21	26650000	26700000	0.045238	0.276588	-0.093977	0.295828	0.938904			0.05108628140105531	0.740372
chr21	26700000	26750000	0.101399	0.097927	-0.033122	0.294858	0.929201			0.03480577818273356	0.767966
chr21	26750000	26800000	0.132924	-0.077902	0.02243	0.214088	0.92297			0.036025953268964184	0.664892
chr21	26800000	26850000	0.140177	-0.152176	0.024289	0.106705	0.927131	0.4113		-0.017508277454850285	0.449077
chr21	26850000	26900000	0.127285	-0.097115	-0.001756	0.040281	0.934825	0.131954		-0.011149470468551748	0.133571
chr21	26900000	26950000	0.128091	-0.031933	-0.027404	0.126652	0.933534	0.033593		0.018017577155420517	-0.174538
chr21	26950000	27000000	0.109452	0.110764	-0.053668	0.250892	0.929274	-0.290653	-0.158898	0.03967401275874938	-0.374049
chr21	27000000	27050000	0.059761	0.301219	-0.093939	0.163854	0.928083	-0.203929	-0.179534	0.020360480045671814	-0.476735
chr21	27050000	27100000	0.036586	0.336381	-0.096779	0.145678	0.932105	-0.118697	-0.189152	0.020309546826801306	-0.449854
chr21	27100000	27150000	0.044473	0.285795	-0.071405	0.23354	0.914485	-0.144049	-0.149398	0.026455419476365982	-0.460879
chr21	27150000	27200000	0.056569	0.212985	-0.054129	0.250438	0.925747	-0.220527	-0.110139	-0.009713107097922169	-0.470539
chr21	27200000	27250000	0.088697	0.097757	-0.026383	0.307046	0.932659	-0.282941	-0.10418	0.0076532538405365	-0.489
chr21	27250000	27300000	0.078004	0.114308	-0.028672	0.230428	0.900917	-0.248049	-0.149676	-0.04128754724815398	-0.449624
chr21	27300000	27350000	0.039512	0.224871	-0.059033	0.192883	0.918547	-0.046009	-0.19507	-0.028678433903791323	-0.419597
chr21	27350000	27400000	0.002395	0.329753	-0.081146	0.139462	0.911267	0.06681	-0.23094	-0.05681043198479441	-0.40467
chr21	27400000	27450000	-0.027294	0.398229	-0.09723	0.133392	0.920893	0.079073	-0.235667	-0.07054762539917658	-0.401804
chr21	27450000	27500000	-0.043693	0.430652	-0.103586	0.155425	0.915576	0.045261	-0.217258	-0.0438598217048809	-0.401434
chr21	27500000	27550000	-0.045053	0.397695	-0.098573	0.191016	0.919198	0.052962	-0.187702	-0.018861268924942776	-0.38732
chr21	27550000	27600000	-0.035962	0.354411	-0.086958	0.336735	0.920277	-0.054175	-0.119012	0.013733723958216704	-0.341737
chr21	27600000	27650000	-0.031407	0.347135	-0.079162	0.354053	0.924814	-0.036588	-0.071202	0.013173614466350125	-0.312774
chr21	27650000	27700000	-0.032236	0.350578	-0.084897	0.315471	0.9231	-0.160254	-0.062883	-0.029464876649685445	-0.290699
chr21	27700000	27750000	-0.05755	0.400397	-0.099852	0.329271	0.915526	-0.069469	-0.057427	-0.00033397975563631555	-0.257648
chr21	27750000	27800000	-0.074913	0.449182	-0.11606	0.320268	0.935687	-0.04127	-0.037526	0.012374970552305964	-0.254113
chr21	27800000	27850000	-0.06455	0.458816	-0.115736	0.321027	0.914773	-0.131411	-0.031181	0.01893713368133887	-0.189969
chr21	27850000	27900000	-0.055924	0.457068	-0.126046	0.353081	0.922769	-0.246572	-0.026546	0.04642944902682122	-0.15814
chr21	27900000	27950000	-0.008708	0.388602	-0.117598	0.330432	0.923645	-0.268788	-0.014455	0.03541640236294552	-0.162806
chr21	27950000	28000000	0.047609	0.2694	-0.09053	0.414202	0.924668	-0.344778	0.001771	-0.0038265811338080713	-0.139116
chr21	28000000	28050000	0.121573	0.082466	-0.045449	0.380217	0.920818	-0.303799	-0.01026	-0.02928664634373135	-0.150302
chr21	28050000	28100000	0.175565	-0.129185	0.013473	0.418398	0.930224	-0.462537	-0.008094	-0.0070558058744423224	-0.140572
chr21	28100000	28150000	0.188337	-0.212851	0.037155	0.37624	0.929389	-0.662428	0.002179	-0.06858292657715259	-0.219173
chr21	28150000	28200000	0.172176	-0.145853	0.034866	0.457098	0.936362	-0.811444	0.080863	-0.001760704370383781	-0.274783
chr21	28200000	28250000	0.12642	0.021445	-0.002234	0.56574	0.930277	-1.005694	0.148259	0.04481495492333032	-0.3642
chr21	28250000	28300000	0.078358	0.182554	-0.057268	0.503631	0.917675	-0.867497	0.127662	0.0628959881891038	-0.386077
chr21	28300000	28350000	0.028922	0.324084	-0.099734	0.436449	0.929062	-0.610585	0.087549	0.045379582661078555	-0.35123
chr21	28350000	28400000	-0.008401	0.413851	-0.12205	0.440901	0.921593	-0.520533	0.08351	0.06419969938292058	-0.312274
chr21	28400000	28450000	-0.046845	0.469307	-0.125391	0.450154	0.931403	-0.488465	0.103933	0.06332276720921937	-0.268033
chr21	28450000	28500000	-0.066856	0.489485	-0.123243	0.476507	0.925232	-0.414431	0.121701	0.03923288387071766	-0.262122
chr21	28500000	28550000	-0.059824	0.442206	-0.107682	0.461065	0.937327	-0.377485	0.127915	0.07653521675753083	-0.183076
chr21	28550000	28600000	-0.045141	0.402282	-0.102219	0.484736	0.929058	-0.312687	0.126241	0.08957091274370055	-0.166175
chr21	28600000	28650000	-0.043517	0.397838	-0.098699	0.472495	0.933121	-0.321553	0.129814	0.06849838208546077	-0.110089
chr21	28650000	28700000	-0.026573	0.380141	-0.098462	0.449231	0.934302	-0.338491	0.126817	0.047544655767247423	-0.091358
chr21	28700000	28750000	-0.024592	0.378482	-0.095572	0.502388	0.922504	-0.310141	0.136325	0.07673688539573553	-0.074747
chr21	28750000	28800000	-0.024435	0.393442	-0.099569	0.444227	0.935096	-0.243526	0.119999	0.06896217389305082	-0.070127
chr21	28800000	28850000	-0.019243	0.389848	-0.097646	0.427595	0.932209	-0.205963	0.102889	0.04884621760249419	-0.049908
chr21	28850000	28900000	-0.007958	0.357684	-0.091009	0.469399	0.941046	-0.234549	0.119496	0.06000754971509159	-0.047648
chr21	28900000	28950000	0.002835	0.337701	-0.086109	0.489705	0.927028	-0.379521	0.129298	0.0518168933220533	0.007686
chr21	28950000	29000000	0.00669	0.330196	-0.082492	0.515012	0.929131	-0.302971	0.124566	0.04942743610547762	0.046873
chr21	29000000	29050000	0.013054	0.306209	-0.072796	0.491772	0.931121	-0.317974	0.111605	0.07478390356714315	0.10612
chr21	29050000	29100000	0.024883	0.291529	-0.07332	0.544126	0.922838	-0.322434	0.121026	0.07245283485308818	0.097959
chr21	29100000	29150000	0.006547	0.327987	-0.078399	0.475576	0.93061	-0.283472	0.12835	0.049690310915900815	0.103258
chr21	29150000	29200000	0.021792	0.29978	-0.071347	0.495593	0.930972	-0.301332	0.106335	0.03424365593396428	0.069046
chr21	29200000	29250000	0.012598	0.320675	-0.078499	0.447834	0.919169	-0.241931	0.088467	0.06676900583784517	0.10407
chr21	29250000	29300000	0.013907	0.318475	-0.077676	0.501259	0.909641	-0.311622	0.099995	0.05581130930892342	0.12414
chr21	29300000	29350000	0.005512	0.331485	-0.082913	0.491858	0.924337	-0.265453	0.096017	0.029039282241340114	0.188775
chr21	29350000	29400000	-0.009183	0.341705	-0.083484	0.452245	0.920432	-0.303593	0.09054	0.07082945079951575	0.215834
chr21	29400000	29450000	-0.024248	0.383234	-0.097052	0.516692	0.91703	-0.346881	0.112666	0.07200600403290092	0.265699
chr21	29450000	29500000	-0.025326	0.382766	-0.093935	0.475827	0.925425	-0.256406	0.119267	0.08754586498721029	0.274904
chr21	29500000	29550000	-0.026866	0.382031	-0.09489	0.511232	0.929033	-0.375349	0.117719	0.05278416629153715	0.28339
chr21	29550000	29600000	-0.030817	0.395993	-0.099524	0.490746	0.932329	-0.338619	0.093659	0.07412546880973458	0.285744
chr21	29600000	29650000	-0.037995	0.419849	-0.102763	0.473636	0.926466	-0.333011	0.08435	0.10194743283609564	0.314008
chr21	29650000	29700000	-0.034034	0.411025	-0.100843	0.461266	0.938249	-0.380107	0.088527	0.04282127725361873	0.36172
chr21	29700000	29750000	-0.034278	0.394377	-0.098097	0.482263	0.930282	-0.482041	0.087865	0.07860433985826298	0.429506
chr21	29750000	29800000	-0.051247	0.428268	-0.105801	0.426802	0.935681	-0.390671	0.082604	0.045270443814607875	0.41874
chr21	29800000	29850000	-0.054345	0.460584	-0.114901	0.438632	0.930988	-0.485325	0.065142	0.06982931537673176	0.443864
chr21	29850000	29900000	-0.037508	0.444416	-0.119911	0.418899	0.934452	-0.479522	0.064654	0.030883509730787573	0.485546
chr21	29900000	29950000	-0.020828	0.423736	-0.1168	0.419592	0.932113	-0.549557	0.077647	0.043023632672934964	0.541655
chr21	29950000	30000000	-0.009364	0.397922	-0.1022	0.395525	0.939774	-0.647721	0.068025	0.018380205814865658	0.610349
chr21	30000000	30050000	0.010925	0.32604	-0.074543	0.420938	0.915184	-0.811359	0.055475	0.017444822901901746	0.689572
chr21	30050000	30100000	0.054851	0.166131	-0.034105	0.485162	0.921888	-1.07172	0.045355	0.02769440139018764	0.69819
chr21	30100000	30150000	0.084228	0.052854	-0.011369	0.496005	0.930808	0.666649	-0.013288	0.04950702575974586	0.629309
chr21	30150000	30200000	0.077869	0.140514	-0.025606	0.333701	0.938677	0.380082	-0.078479	0.06114231337743514	0.449742
chr21	30200000	30250000	0.057527	0.261698	-0.051168	0.223164	0.932168	0.421596	-0.144836	0.03976183584092574	0.268298
chr21	30250000	30300000	0.086171	0.205996	-0.044505	0.212413	0.931298	0.417517	-0.200155	0.044502217718196624	0.159187
chr21	30300000	30350000	0.15517	0.012632	-0.005043	0.167062	0.926709	0.318924	-0.2501	0.004816954771938331	0.103201
chr21	30350000	30400000	0.19684	-0.103657	0.019119	0.064024	0.92724	0.19105	-0.276323	0.004378504267356087	-0.040984
chr21	30400000	30450000	0.207235	-0.174441	0.025592	0.142294	0.925301	0.040963	-0.236094	-0.04200617268042839	-0.15984
chr21	30450000	30500000	0.157454	-0.028906	-0.00365	0.348278	0.926193	-0.056921	-0.152435	0.0008869155530484285	-0.247046
chr21	30500000	30550000	0.078202	0.211656	-0.064053	0.306672	0.934431	0.053999	-0.151367	0.030861442285424312	-0.31315
chr21	30550000	30600000	-0.008122	0.411935	-0.08968	0.136802	0.920778	0.349177	-0.212341	-0.0016087652267033903	-0.318786
chr21	30600000	30650000	-0.038218	0.471434	-0.105976	0.163897	0.915829	0.299734	-0.21084	-0.002466556514724161	-0.288902
chr21	30650000	30700000	-0.055115	0.468569	-0.110627	0.225997	0.92918	0.271538	-0.137645	0.019472660811410858	-0.261222
chr21	30700000	30750000	-0.005759	0.327206	-0.079233	0.377165	0.929623	0.055158	-0.091997	0.052410734201012166	-0.202739
chr21	30750000	30800000	0.023863	0.17674	-0.049226	0.23635	0.913438	0.147351	-0.12127	0.04759291854090453	-0.196645
chr21	30800000	30850000	0.055951	0.10023	-0.023102	0.322208	0.924966	0.18756	-0.10266	0.012307090544277033	-0.189819
chr21	30850000	30900000	0.045254	0.154384	-0.024916	0.403057	0.925502	-0.531461	-0.027288	0.007019789294210765	-0.196788
chr21	30900000	30950000	0.011493	0.256379	-0.067125	0.421882	0.937751	-0.379603	0.015468	0.01794800979308775	-0.139106
chr21	30950000	31000000	-0.020045	0.33537	-0.093909	0.364353	0.927591	-0.337336	0.007122	0.002717686049074519	-0.055272
chr21	31000000	31050000	-0.033599	0.36405	-0.098944	0.413857	0.938464	-0.203741	0.029896	0.0072436755837315125	0.012866
chr21	31050000	31100000	-0.052388	0.402192	-0.101975	0.448859	0.937789	-0.224953	0.055696	0.030166453347064248	0.067566
chr21	31100000	31150000	-0.06765	0.427599	-0.101617	0.398552	0.920767	-0.243414	0.034938	0.02812890914516264	0.12963
chr21	31150000	31200000	-0.07142	0.425023	-0.111178	0.427196	0.923622	-0.247236	0.024556	0.04663274272635598	0.166895
chr21	31200000	31250000	-0.051951	0.372354	-0.098107	0.420847	0.939143	-0.240654	0.017743	0.012555278229551048	0.220506
chr21	31250000	31300000	-0.026084	0.315334	-0.08628	0.361698	0.928821	-0.170667	-0.004385	0.038609626155658106	0.236183
chr21	31300000	31350000	-0.012316	0.273211	-0.075599	0.407479	0.926446	-0.225113	0.012595	0.04957537399522294	0.27714
chr21	31350000	31400000	-0.001647	0.260978	-0.070806	0.409554	0.925175	-0.244481	0.039583	0.0699945675993785	0.268901
chr21	31400000	31450000	0.001013	0.282063	-0.074078	0.481074	0.926703	-0.297139	0.046939	0.05904708367854439	0.245532
chr21	31450000	31500000	-0.007318	0.323579	-0.078577	0.384478	0.92863	-0.190313	0.02488	0.06627010291015267	0.2683
chr21	31500000	31550000	-0.009679	0.329439	-0.081869	0.43103	0.923917	-0.223718	0.028627	0.05154255940332608	0.244434
chr21	31550000	31600000	-0.012586	0.333463	-0.079523	0.43977	0.926158	-0.215039	0.040432	0.06145187097898219	0.264951
chr21	31600000	31650000	-0.018346	0.341546	-0.08292	0.402792	0.928563	-0.186498	0.038136	0.09339778053328796	0.268529
chr21	31650000	31700000	-0.023205	0.340352	-0.080902	0.417952	0.921656	-0.195351	0.02282	0.07557902313507925	0.333513
chr21	31700000	31750000	-0.03326	0.348269	-0.085551	0.426652	0.910654	-0.264405	0.023722	0.043775967824758455	0.334049
chr21	31750000	31800000	-0.037668	0.362787	-0.093745	0.436568	0.930218	-0.183392	0.033078	0.05201578634075643	0.376784
chr21	31800000	31850000	-0.036183	0.357919	-0.095269	0.438204	0.929403	-0.21362	0.028068	0.0245730248986189	0.43279
chr21	31850000	31900000	-0.047444	0.384362	-0.099058	0.40666	0.928678	-0.173222	0.01206	0.06848251178008535	0.452302
chr21	31900000	31950000	-0.069505	0.426715	-0.10325	0.404594	0.920271	-0.180181	0.012834	0.07415941586470187	0.463277
chr21	31950000	32000000	-0.081818	0.446334	-0.108074	0.43526	0.931298	-0.202744	0.020335	0.03855862151579936	0.439314
chr21	32000000	32050000	-0.082854	0.44018	-0.106253	0.412519	0.933094	-0.172736	0.009514	0.052168914253800214	0.473506
chr21	32050000	32100000	-0.088554	0.424699	-0.102227	0.38883	0.919434	-0.198126	0.007383	0.03697691331983499	0.463566
chr21	32100000	32150000	-0.086642	0.404714	-0.10078	0.431516	0.927247	-0.240218	0.021845	0.04873463774786746	0.472709
chr21	32150000	32200000	-0.090738	0.437621	-0.09947	0.463118	0.933628	-0.277327	0.035042	0.026958186829348252	0.469417
chr21	32200000	32250000	-0.093477	0.494645	-0.1176	0.46983	0.919704	-0.322766	0.027783	0.0005081597460787624	0.488515
chr21	32250000	32300000	-0.095881	0.53644	-0.13365	0.488388	0.935542	-0.468501	0.035634	0.005638909404293013	0.475045
chr21	32300000	32350000	-0.063436	0.491156	-0.123214	0.479311	0.930404	-0.484692	0.037097	0.005761952402902226	0.484571
chr21	32350000	32400000	-0.012891	0.330956	-0.074998	0.529392	0.919716	-0.565425	0.036192	0.007505510132812754	0.505089
chr21	32400000	32450000	0.059301	0.055439	-0.004863	0.5108	0.922329	-0.74699	0.026732	0.0341324244548884	0.470292
chr21	32450000	32500000	0.109842	-0.157306	0.03268	0.515794	0.933232	-0.234898	0.010984	0.06376905197300964	0.327284
chr21	32500000	32550000	0.100351	-0.087536	0.013463	0.387488	0.935203	-0.11686	-0.025829	0.04768775602024378	0.143898
chr21	32550000	32600000	0.059375	0.101586	-0.032281	0.382829	0.932356	-0.074669	-0.051071	-0.053204035720076814	-0.020492
chr21	32600000	32650000	-0.018986	0.314021	-0.09475	0.269068	0.927541	0.002583	-0.087479	-0.02128185227212054	-0.095174
chr21	32650000	32700000	-0.051789	0.381563	-0.118751	0.266546	0.92194	-0.040961	-0.123196	-0.03377047946178091	-0.11401
chr21	32700000	32750000	-0.064211	0.405735	-0.108254	0.253435	0.925936	-0.029026	-0.129258	0.0048802816138890925	-0.095889
chr21	32750000	32800000	-0.046084	0.358268	-0.091324	0.251302	0.916294	-0.011182	-0.117039	-0.08042780943763073	-0.057744
chr21	32800000	32850000	0.006997	0.256185	-0.07501	0.262115	0.934602	-0.127605	-0.119733	-0.12786714376120223	-0.013085
chr21	32850000	32900000	0.034573	0.193306	-0.072299	0.279066	0.927155	-0.075283	-0.138441	-0.1073784203188678	0.069328
chr21	32900000	32950000	0.059329	0.152372	-0.054784	0.29456	0.927299	-0.018079	-0.123096	-0.1101815949252124	0.105849
chr21	32950000	33000000	0.108004	0.002461	-0.008105	0.430606	0.92656	-0.195874	-0.106337	-0.06717168685393338	0.0956
chr21	33000000	33050000	0.112794	-0.058582	0.009967	0.2734	0.925692	-0.0008	-0.147965	-0.05458698953385388	0.057803
chr21	33050000	33100000	0.089682	0.01173	-0.004001	0.288747	0.919091	-0.224097	-0.157851	-0.0070558058744423224	0.037951
chr21	33100000	33150000	0.055297	0.087515	-0.029684	0.339537	0.925517	-0.191673	-0.140276	-0.06099047081033582	0.011091
chr21	33150000	33200000	0.03106	0.169269	-0.053905	0.402812	0.914258	-0.334681	-0.104212	-0.1667349969025833	0.020037
chr21	33200000	33250000	-0.027922	0.324358	-0.099126	0.384332	0.919979	-0.274668	-0.065267	-0.165761192763341	0.010529
chr21	33250000	33300000	-0.059021	0.378749	-0.112679	0.472617	0.929646	-0.271236	-0.025463	-0.14891566014810442	0.036055
chr21	33300000	33350000	-0.117978	0.437426	-0.122935	0.383287	0.92074	-0.161692	-0.01946	-0.12341978547513432	0.036723
chr21	33350000	33400000	-0.132319	0.451508	-0.11587	0.448029	0.925648	-0.199505	0.000921	-0.15202085742593718	0.056833
chr21	33400000	33450000	-0.141265	0.487033	-0.125951	0.436899	0.923367	-0.177951	0.00614	-0.15322010959050536	0.081833
chr21	33450000	33500000	-0.135189	0.488277	-0.139414	0.411104	0.928175	-0.159704	-0.005434	-0.15740507743687504	0.111751
chr21	33500000	33550000	-0.116061	0.473923	-0.136902	0.339837	0.91814	-0.147194	-0.045259	-0.27208319703755635	0.151433
chr21	33550000	33600000	-0.075851	0.399336	-0.103801	0.370856	0.91462	-0.31752	-0.053296	-0.10042216201401544	0.163195
chr21	33600000	33650000	-0.018576	0.243959	-0.047308	0.47152	0.925399	0.148157	-0.030607	-0.08416691597225912	0.088616
chr21	33650000	33700000	0.017226	0.123673	-0.021388	0.415502	0.927276	-0.119941	-0.055777	-0.12953793955320803	-0.114969
chr21	33700000	33750000	0.000778	0.202769	-0.048526	0.317367	0.916396	-0.123956	-0.069542	-0.12696172788080362	-0.205449
chr21	33750000	33800000	-0.022498	0.328574	-0.075463	0.427178	0.932114	-0.20337	-0.039853	-0.08507690997890982	-0.289119
chr21	33800000	33850000	-0.05478	0.422661	-0.104821	0.329951	0.91349	-0.063915	-0.065987	-0.13128078465850157	-0.275297
chr21	33850000	33900000	-0.045118	0.396567	-0.10291	0.320212	0.917712	-0.136986		-0.18433205424757682	-0.289162
chr21	33900000	33950000	-0.00999	0.283186	-0.073659	0.342912	0.909837	-0.178469		-0.18580070733919796	-0.259575
chr21	33950000	34000000	0.043985	0.116904	-0.033641	0.428433	0.925058	-0.239826		-0.16480663480772006	-0.259545
chr21	34000000	34050000	0.045827	0.107822	-0.041617	0.452181	0.918971			-0.05993874987484693	-0.265384
chr21	34050000	34100000	-0.010021	0.268411	-0.077371	0.447253	0.933681			-0.11064108353845481	-0.284513
chr21	34100000	34150000	-0.033746	0.364637	-0.086542	0.374644	0.923531			-0.03593441740878178	-0.265087
chr21	34150000	34200000	-0.029838	0.319672	-0.090876	0.478069	0.931216	-0.256698		-0.12189973990257841	-0.235128
chr21	34200000	34250000	-0.031182	0.294769	-0.087906	0.585187	0.917668	-0.42904		-0.05936780577433487	-0.246628
chr21	34250000	34300000	-0.078369	0.364509	-0.097738	0.493004	0.921684	-0.283728		-0.11617110389104424	-0.205778
chr21	34300000	34350000	-0.095235	0.406773	-0.097981	0.504874	0.914253	-0.204313	0.066369	-0.10889837055732632	-0.198832
chr21	34350000	34400000	-0.116259	0.471448	-0.116203	0.511139	0.924973	-0.173224	0.080286	-0.08181539677353933	-0.191011
chr21	34400000	34450000	-0.137879	0.513538	-0.129054	0.445888	0.92142	-0.060959	0.081726	-0.16776233448097	-0.139656
chr21	34450000	34500000	-0.127115	0.456564	-0.100002	0.522037	0.925794	-0.214985	0.127065	-0.19182750510766278	-0.106295
chr21	34500000	34550000	-0.090313	0.329283	-0.071601	0.623353	0.932689	-0.317162	0.184392	-0.0805280241184334	-0.064591
chr21	34550000	34600000	-0.071061	0.313652	-0.076951	0.604556	0.923386	-0.233051	0.174091	-0.014375451547103069	-0.102069
chr21	34600000	34650000	-0.096896	0.396629	-0.103207	0.450298	0.921888	-0.136348	0.089332	-0.11188975468316087	-0.090114
chr21	34650000	34700000	-0.101624	0.452705	-0.113018	0.445373	0.923583	-0.241944	0.044882	-0.1842663171497927	-0.123924
chr21	34700000	34750000	-0.071946	0.446095	-0.11267	0.56107	0.921413	-0.252552	0.082294	-0.11190483864792222	-0.046293
chr21	34750000	34800000	-0.029643	0.353031	-0.093227	0.507294	0.92541	-0.320468	0.094753	-0.0887286583203093	-0.086914
chr21	34800000	34850000	0.035018	0.157203	-0.039408	0.579521	0.914312	-0.40952	0.080937	-0.07686341516793826	-0.045644
chr21	34850000	34900000	0.051451	0.079395	-0.030406	0.43738	0.921793	-0.169436	0.031416	-0.08748717701457298	-0.15167
chr21	34900000	34950000	0.056028	0.06533	-0.014022	0.419991	0.908589	-0.134732	0.027743	-0.14934214903087628	-0.20889
chr21	34950000	35000000	0.041419	0.137805	-0.035334	0.56668	0.907345	-0.324816	0.092454	-0.15755683529958175	-0.269168
chr21	35000000	35050000	-0.021485	0.327103	-0.074274	0.468392	0.919354	-0.215986	0.089565	-0.18474414321594856	-0.24005
chr21	35050000	35100000	-0.062032	0.458812	-0.109689	0.460239	0.922772	-0.136045	0.073054	-0.14685505278515987	-0.248018
chr21	35100000	35150000	-0.060183	0.435786	-0.102541	0.457943	0.92119	-0.104611	0.066114	-0.23046486191882676	-0.22301
chr21	35150000	35200000	-0.046388	0.368382	-0.088099	0.505929	0.922983	-0.128267	0.089856	-0.22576655038505855	-0.215749
chr21	35200000	35250000	-0.013263	0.258773	-0.056197	0.556795	0.924947	-0.262603	0.127566	-0.15105095217558218	-0.200267
chr21	35250000	35300000	0.035483	0.106071	-0.02532	0.620251	0.934137	-0.254406	0.119591	-0.1076284010269275	-0.220282
chr21	35300000	35350000	0.005819	0.190777	-0.041518	0.503131	0.922509	-0.275421	0.057944	-0.114377706583356	-0.187406
chr21	35350000	35400000	-0.045164	0.31952	-0.092255	0.462018	0.91861	-0.197325	0.023786	-0.21093804185259246	-0.218241
chr21	35400000	35450000	-0.085704	0.402738	-0.119346	0.489083	0.922839	-0.151476	0.050442	-0.18139839883137854	-0.170741
chr21	35450000	35500000	-0.088747	0.425952	-0.113588	0.495429	0.925058	-0.168857	0.074229	-0.19614000466771309	-0.156217
chr21	35500000	35550000	-0.084642	0.423518	-0.107208	0.498073	0.912099	-0.154806	0.047155	-0.12933766262007929	-0.085508
chr21	35550000	35600000	-0.071646	0.36962	-0.101848	0.471044	0.921795	-0.140669	0.0236	-0.11332257264933832	-0.049243
chr21	35600000	35650000	-0.037118	0.264706	-0.071019	0.514365	0.921412	-0.206671	0.036887	-0.12114515782353985	-0.039363
chr21	35650000	35700000	-0.005468	0.170088	-0.040495	0.591815	0.917766	-0.290493	0.101897	-0.0727652123284731	-0.048544
chr21	35700000	35750000	0.010848	0.115748	-0.033526	0.707245	0.933181	-0.171536	0.179586	-0.03627737699025446	-0.100315
chr21	35750000	35800000	-0.0139	0.212922	-0.04782	0.643911	0.92979	-0.370091	0.174718	-0.06554263982753439	-0.145401
chr21	35800000	35850000	-0.064245	0.407436	-0.108653	0.641129	0.931275	-0.318281	0.143928	-0.0995722738514574	-0.153949
chr21	35850000	35900000	-0.094273	0.524965	-0.146582	0.593599	0.92884	-0.203305	0.096679	-0.09028525425767997	-0.168823
chr21	35900000	35950000	-0.080401	0.469569	-0.124539	0.511189	0.921508	-0.141859	0.089435	-0.06164320397754519	-0.109859
chr21	35950000	36000000	0.009098	0.238435	-0.067584	0.595892	0.928022	-0.36181	0.147659	-0.04910864247881297	-0.085595
chr21	36000000	36050000	0.109325	-0.063689	-0.00129	0.742367	0.93081	-0.398294	0.199419	0.02842208775164623	-0.119994
chr21	36050000	36100000	0.126879	-0.129316	0.010156	0.7425	0.937582	-0.14866	0.208409	0.07796884133925419	-0.18919
chr21	36100000	36150000	0.081055	0.054	-0.026086	0.686741	0.931117	-0.101965	0.199826	0.03983323594974009	-0.209296
chr21	36150000	36200000	0.021836	0.276377	-0.066608	0.585115	0.93759	-0.005673	0.169693	0.01139135293322735	-0.206982
chr21	36200000	36250000	0.030284	0.292283	-0.088095	0.54757	0.930228	0.030021	0.162219	-0.0004273923748684405	-0.194381
chr21	36250000	36300000	0.033768	0.267283	-0.071019	0.673613	0.927111	-0.043063	0.236306	0.05779984447556075	-0.163877
chr21	36300000	36350000	0.024942	0.262242	-0.063844	0.608233	0.928009	0.038929	0.260642	0.05137637962973407	-0.153222
chr21	36350000	36400000	0.024919	0.201433	-0.053419	0.622357	0.922575	0.021836	0.241848	-0.006935762926731259	-0.119726
chr21	36400000	36450000	0.049768	0.146844	-0.041263	0.663101	0.916673	-0.096139	0.219235	0.03603432924687866	-0.085594
chr21	36450000	36500000	0.01032	0.251731	-0.067869	0.613047	0.930811	-0.028387	0.200968	-0.0044410853464145195	-0.047603
chr21	36500000	36550000	-0.019208	0.342049	-0.082118	0.536577	0.917901	0.036888	0.17643	-0.03291723078707798	-0.041062
chr21	36550000	36600000	-0.048487	0.407987	-0.109258	0.490435	0.918328	0.059488	0.164468	-0.016319527773795972	0.021015
chr21	36600000	36650000	-0.059338	0.458599	-0.125273	0.531567	0.930922	0.07805	0.18575	-0.014597228240015636	0.056661
chr21	36650000	36700000	-0.035553	0.412601	-0.11197	0.604612	0.922121	-0.074033	0.226973	-0.040059222209195444	0.086959
chr21	36700000	36750000	0.026333	0.238087	-0.061783	0.596595	0.914595	-0.098891	0.246713	0.0790532229613452	0.12015
chr21	36750000	36800000	0.084665	0.104726	-0.02019	0.766347	0.929148	-0.153259	0.241602	0.0760176178568085	0.150878
chr21	36800000	36850000	0.089673	0.108117	-0.017449	0.632608	0.916389	-0.152609	0.196991	0.017761469490938153	0.141259
chr21	36850000	36900000	0.072585	0.150746	-0.040375	0.644453	0.923692	-0.233891	0.20775	0.008560441451559542	0.145512
chr21	36900000	36950000	0.028237	0.266703	-0.077805	0.619129	0.933044	-0.191351	0.224848	0.03983323594974009	0.159989
chr21	36950000	37000000	-0.022963	0.392372	-0.110287	0.634869	0.918228	-0.16232	0.234858	-0.01074677220670106	0.181237
chr21	37000000	37050000	-0.067	0.461608	-0.121312	0.59807	0.908949	-0.088127	0.185691	-0.027677460702718704	0.215109
chr21	37050000	37100000	-0.112747	0.504237	-0.118288	0.521696	0.914044	-0.034093	0.128503	-0.04634133120080386	0.259159
chr21	37100000	37150000	-0.132754	0.534528	-0.125556	0.532759	0.926404	0.042175	0.154124	0.0005998428813239753	0.317938
chr21	37150000	37200000	-0.103023	0.460852	-0.102173	0.62563	0.917305	-0.116939	0.239721	0.04865189097370004	0.366648
chr21	37200000	37250000	-0.060017	0.395683	-0.100057	0.733312	0.932966	-0.27222	0.292983	0.0514197611669549	0.402484
chr21	37250000	37300000	-0.062606	0.411549	-0.102615	0.634729	0.931457	-0.185257	0.261716	0.010183420015021039	0.402877
chr21	37300000	37350000	-0.043678	0.380658	-0.083926	0.667051	0.926098	-0.242565	0.203977	0.054738585919914984	0.395829
chr21	37350000	37400000	0.003302	0.250296	-0.051177	0.638396	0.928666	-0.392958	0.134391	0.0014099853327800282	0.390884
chr21	37400000	37450000	0.022253	0.159856	-0.049584	0.562337	0.929746	-0.265829	0.096319	-0.03276596415039479	0.410989
chr21	37450000	37500000	0.046316	0.084536	-0.033517	0.577398	0.938128	-0.05455	0.087882	-0.07070069742066987	0.395124
chr21	37500000	37550000	0.030108	0.160522	-0.034989	0.525024	0.934993	-0.319079	0.076473	-0.06179530451891546	0.373154
chr21	37550000	37600000	-0.018647	0.318924	-0.07986	0.424192	0.933853	-0.13498	0.026464	-0.0731556142274069	0.338625
chr21	37600000	37650000	-0.016081	0.313467	-0.080075	0.366704	0.920313	-0.167076	-0.011469	-0.15196449757654062	0.349861
chr21	37650000	37700000	-0.01657	0.276417	-0.071526	0.439514	0.924978	-0.15633	-0.013682	-0.1667349969025833	0.300963
chr21	37700000	37750000	0.020246	0.171724	-0.0387	0.425573	0.921742	-0.235544	-0.080347	-0.07963451831901203	0.256049
chr21	37750000	37800000	0.039358	0.105854	-0.020747	0.391714	0.922503	-0.215355	-0.106403	-0.143468955209213	0.164001
chr21	37800000	37850000	0.018132	0.147151	-0.044616	0.387558	0.923578	-0.186136	-0.056547	-0.20386156011247392	0.100453
chr21	37850000	37900000	0.009109	0.218319	-0.052797	0.510255	0.932769	-0.361129	-0.011643	-0.2182662005878162	0.056363
chr21	37900000	37950000	-0.018407	0.262231	-0.075717	0.438302	0.919993	-0.176165	-0.025427	-0.18093914391387744	0.048809
chr21	37950000	38000000	-0.039508	0.278225	-0.085444	0.485927	0.917045	-0.23314	-0.019914	-0.2160347909808208	0.033682
chr21	38000000	38050000	-0.091878	0.377896	-0.097829	0.442712	0.926074	-0.17142	-0.021395	-0.13960029615097924	0.027244
chr21	38050000	38100000	-0.112863	0.434861	-0.113049	0.360711	0.922833	-0.148777	-0.045297	-0.21519894171712028	0.034493
chr21	38100000	38150000	-0.114277	0.468821	-0.129063	0.371182	0.918068	-0.23721	-0.041013	-0.15693767413467308	0.091276
chr21	38150000	38200000	-0.124376	0.484304	-0.130519	0.411755	0.923608	-0.09295	-0.034259	-0.15523855552411192	0.150681
chr21	38200000	38250000	-0.064721	0.38304	-0.101237	0.372656	0.923473	-0.239577	-0.056293	-0.14993748773983828	0.152065
chr21	38250000	38300000	0.019832	0.200383	-0.060932	0.460941	0.921813	-0.430576	-0.039769	-0.0918241880440086	0.143645
chr21	38300000	38350000	0.071074	0.082485	-0.041286	0.456803	0.937358	-0.10322	-0.050262	-0.07018765127898174	0.12218
chr21	38350000	38400000	0.070511	0.130121	-0.047994	0.405396	0.925447	-0.18651	-0.095618	-0.11550729861290754	0.078403
chr21	38400000	38450000	0.059082	0.170254	-0.031905	0.292185	0.916881	-0.047501	-0.113103	-0.12157995944241207	0.012997
chr21	38450000	38500000	0.080196	0.118316	-0.037306	0.329403	0.915304	-0.151507	-0.107679	-0.13072919074151423	-0.065171
chr21	38500000	38550000	0.079979	0.092791	-0.03596	0.35299	0.921026	-0.297786	-0.074021	-0.14586557432550007	-0.136757
chr21	38550000	38600000	0.02924	0.20915	-0.057362	0.420161	0.922994	-0.306886	-0.077812	-0.09103190710005182	-0.142081
chr21	38600000	38650000	-0.076141	0.423193	-0.103829	0.315618	0.932674	-0.159409	-0.136035	-0.09936256081623707	-0.156543
chr21	38650000	38700000	-0.141972	0.557623	-0.126625	0.324824	0.9237	-0.076169	-0.142091	-0.15095534055550908	-0.144975
chr21	38700000	38750000	-0.173557	0.635631	-0.139486	0.338356	0.921714	-0.056737	-0.112114	-0.06412279296010193	-0.127285
chr21	38750000	38800000	-0.173997	0.650809	-0.15408	0.361731	0.91925	-0.168701	-0.097824	-0.03440411350838202	-0.104573
chr21	38800000	38850000	-0.157662	0.618009	-0.156471	0.350023	0.928998	-0.214977	-0.092389	-0.04102062146427121	-0.091174
chr21	38850000	38900000	-0.121617	0.567983	-0.148539	0.3807	0.923716	-0.259932	-0.06985	-0.04195350968649836	-0.096777
chr21	38900000	38950000	-0.063076	0.475231	-0.114138	0.40389	0.926564	-0.505246	-0.05589	-0.008509419527796158	-0.104999
chr21	38950000	39000000	0.003964	0.27301	-0.058179	0.425208	0.927494	-0.554748	-0.051475	-0.01454980096973768	-0.138795
chr21	39000000	39050000	0.081452	-0.002674	-0.001178	0.452837	0.934699	-0.160812	-0.059941	-0.004161298738978081	-0.217827
chr21	39050000	39100000	0.084413	-0.032823	0.002114	0.505768	0.912151	-0.62929	-0.067333	0.031084510656348874	-0.291565
chr21	39100000	39150000	0.034839	0.13991	-0.041526	0.525471	0.905937	-0.532922	-0.033943	-0.01963881901002873	-0.297443
chr21	39150000	39200000	-0.032304	0.311691	-0.090223	0.455862	0.903632	-0.292694	-0.004256	-0.06722668009807642	-0.337062
chr21	39200000	39250000	-0.100817	0.478956	-0.138386	0.431945	0.900676	-0.239383	-0.009558	-0.1344394445077881	-0.325541
chr21	39250000	39300000	-0.129289	0.527564	-0.152769	0.497812	0.905057	-0.286747	-0.032398	-0.08656639834338276	-0.367409
chr21	39300000	39350000	-0.15977	0.535237	-0.146123	0.376379	0.88737	-0.191622	-0.083398	-0.08271166106085714	-0.325965
chr21	39350000	39400000	-0.163791	0.491515	-0.127203	0.404822	0.889198	-0.197973	-0.081775	-0.09414774337149745	-0.328464
chr21	39400000	39450000	-0.154245	0.439009	-0.108199	0.438925	0.894262	-0.228892	-0.058859	-0.11417727338699801	-0.289218
chr21	39450000	39500000	-0.103857	0.357616	-0.08876	0.427974	0.905832	-0.299262	-0.00461	-0.11287867674973573	-0.239702
chr21	39500000	39550000	-0.086853	0.34177	-0.092611	0.518937	0.902068	-0.334709	0.051217	-0.09529504186223958	-0.209408
chr21	39550000	39600000	-0.079899	0.383885	-0.112423	0.450674	0.906519	-0.236545	0.011382	-0.089008096037267	-0.153084
chr21	39600000	39650000	-0.071799	0.417814	-0.125566	0.449964	0.91141	-0.279797	-0.021731	-0.08954319846727077	-0.093712
chr21	39650000	39700000	-0.039543	0.350141	-0.098886	0.502405	0.900142	-0.331141	0.018549	-0.09452966327150891	0.000267
chr21	39700000	39750000	0.020589	0.194269	-0.053493	0.58186	0.912405	-0.509506	0.070477	-0.07327828605300657	-0.017801
chr21	39750000	39800000	0.059983	0.061718	-0.021307	0.490098	0.907571	-0.291431	0.044547	-0.07325358747456023	-0.040043
chr21	39800000	39850000	0.083408	0.013665	-0.009325	0.532259	0.913865	-0.311876	0.069923	-0.05217784833594441	-0.085851
chr21	39850000	39900000	0.059608	0.087512	-0.020886	0.54269	0.918207	-0.464276	0.071821	0.007967939458332851	-0.086099
chr21	39900000	39950000	0.003159	0.276826	-0.05937	0.502514	0.920066	-0.35759	0.074916	0.04329127116295728	-0.067761
chr21	39950000	40000000	-0.029977	0.382559	-0.102815	0.490531	0.926667	-0.326643	0.043972	-0.015111343403665711	-0.049877
chr21	40000000	40050000	-0.05565	0.410857	-0.105692	0.512191	0.923376	-0.267126	0.068051	0.04796384056122982	-0.035525
chr21	40050000	40100000	-0.061839	0.392358	-0.097011	0.52837	0.929461	-0.119018	0.073018	0.028538078676562995	-0.004214
chr21	40100000	40150000	-0.089513	0.426391	-0.099298	0.43962	0.928303	-0.035902	0.050795	-0.02821659462341386	0.067644
chr21	40150000	40200000	-0.090748	0.400059	-0.098261	0.398951	0.932163	-0.059973	-0.018311	0.004393166702507223	0.104189
chr21	40200000	40250000	-0.072051	0.367739	-0.085832	0.36684	0.922016	-0.087137	-0.096389	-0.04280278623085243	0.122516
chr21	40250000	40300000	-0.050044	0.381161	-0.085601	0.377288	0.931835	-0.0197	-0.104698	-0.0253959150416031	0.185135
chr21	40300000	40350000	-0.004143	0.33467	-0.100965	0.38319	0.918259	-0.110067	-0.11568	-0.07368242576547002	0.184759
chr21	40350000	40400000	0.045349	0.246552	-0.084768	0.396364	0.922859	-0.188417	-0.114429	-0.10658694411259773	0.229847
chr21	40400000	40450000	0.065066	0.180315	-0.061837	0.41217	0.906391	-0.211526	-0.084138	-0.11468656633500807	0.220968
chr21	40450000	40500000	0.100848	0.068432	-0.015488	0.496992	0.914486	-0.312389	-0.08053	-0.02556427156533836	0.271442
chr21	40500000	40550000	0.121532	-0.034913	0.008332	0.460666	0.928958	0.177645	-0.116844	0.027607178406665267	0.209496
chr21	40550000	40600000	0.127141	-0.005948	0.001993	0.300242	0.923688	-0.045516	-0.172206	-0.05318752179435149	0.126941
chr21	40600000	40650000	0.080011	0.177631	-0.042351	0.236288	0.921834	0.022202	-0.17908	-0.060598420240108086	0.094112
chr21	40650000	40700000	0.048688	0.288452	-0.074793	0.292189	0.932052	-0.091994	-0.153334	-0.047496019115796595	0.103505
chr21	40700000	40750000	0.014984	0.328674	-0.093633	0.233537	0.924736	-0.023165	-0.118503	-0.039340636372677595	0.095681
chr21	40750000	40800000	0.047911	0.161157	-0.060736	0.349824	0.930517	-0.16529	-0.103213	0.03169956984860822	0.064629
chr21	40800000	40850000	0.073367	0.03209	-0.020233	0.349019	0.928285	0.091313	-0.112781	0.01640291134831262	-0.023528
chr21	40850000	40900000	0.073674	0.058426	-0.015519	0.38075	0.91825	-0.259131	-0.113442	-0.034277739782959116	-0.056552
chr21	40900000	40950000	0.008361	0.298121	-0.085222	0.330212	0.913523	-0.252112	-0.129393	-0.04282289619773383	-0.066913
chr21	40950000	41000000	-0.040048	0.456561	-0.121293	0.321551	0.922387	-0.09083	-0.156919	-0.0035632044962705667	-0.03272
chr21	41000000	41050000	-0.036607	0.448686	-0.109181	0.309121	0.924981	-0.171944	-0.14724	0.010188563373967563	-0.043687
chr21	41050000	41100000	0.040003	0.199178	-0.042212	0.371426	0.917433	-0.356842	-0.138353	-0.020462145154925393	-0.074986
chr21	41100000	41150000	0.101862	-0.084249	0.01532	0.391406	0.910604	-0.447262	-0.119744	-0.039012834230286786	-0.058946
chr21	41150000	41200000	0.076312	-0.036593	0.001923	0.43528	0.898974	-0.611426	-0.097988	-0.0745841668123568	-0.071574
chr21	41200000	41250000	0.009337	0.20805	-0.045025	0.434624	0.904092	-0.488398	-0.094996	-0.10358748954144714	-0.068978
chr21	41250000	41300000	-0.048007	0.42295	-0.111466	0.44128	0.896143	-0.374733	-0.080271	-0.1029427722511651	-0.043869
chr21	41300000	41350000	-0.075118	0.514409	-0.139562	0.434075	0.889642	-0.29864	-0.060665	-0.08636266705117812	-0.026779
chr21	41350000	41400000	-0.086541	0.524944	-0.133493	0.453271	0.888984	-0.314351	-0.039568	-0.0917325155119928	0.004856
chr21	41400000	41450000	-0.087525	0.464223	-0.111336	0.410429	0.864669	-0.251774	0.003293	-0.11469490597053511	0.091891
chr21	41450000	41500000	-0.046343	0.32358	-0.091364	0.471137	0.891745	-0.219192	0.083876	-0.08382544330139652	0.07697
chr21	41500000	41550000	-0.01521	0.270311	-0.07924	0.526723	0.879804	-0.435173	0.12225	-0.08240120704515319	0.14427
chr21	41550000	41600000	-0.022009	0.285564	-0.074904	0.443702	0.889453	-0.294692	0.051069	-0.06213924311668406	0.126562
chr21	41600000	41650000	-0.017623	0.298587	-0.073194	0.39482	0.888092	-0.198339	-0.01782	-0.09742219848647282	0.139967
chr21	41650000	41700000	-0.014036	0.316589	-0.079499	0.380924	0.894286	-0.17046	-0.024284	-0.05484558907232295	0.145994
chr21	41700000	41750000	-0.021165	0.346002	-0.088214	0.433497	0.881949	-0.190505	0.007523	-0.054377254658494634	0.149825
chr21	41750000	41800000	-0.027848	0.349591	-0.092105	0.421693	0.888402	-0.19505	0.021608	-0.0710411846260739	0.19579
chr21	41800000	41850000	-0.036747	0.348687	-0.086899	0.430707	0.906116	-0.172407	0.023035	-0.06526473084054851	0.268436
chr21	41850000	41900000	-0.030034	0.335766	-0.08322	0.418968	0.895636	-0.204195	0.007453	-0.04930731270549171	0.348189
chr21	41900000	41950000	-0.01693	0.305417	-0.072848	0.476526	0.891851	-0.223013	0.036232	-0.03200539389583179	0.423695
chr21	41950000	42000000	-0.038912	0.338897	-0.082363	0.480459	0.895907	-0.168009	0.060302	-0.07472546213985765	0.437095
chr21	42000000	42050000	-0.05134	0.351877	-0.089732	0.39672	0.891036	-0.199508	0.015693	-0.04812584016925392	0.499297
chr21	42050000	42100000	-0.072882	0.38784	-0.099592	0.407979	0.883334	-0.187955	0.011554	-0.09069360993417619	0.513311
chr21	42100000	42150000	-0.096505	0.436457	-0.110592	0.43543	0.896744	-0.239232	0.01659	-0.08417683931789433	0.576388
chr21	42150000	42200000	-0.094787	0.458312	-0.114539	0.397546	0.88749	-0.271322	-0.040151	-0.06323740714060033	0.589162
chr21	42200000	42250000	-0.084096	0.472906	-0.128976	0.427261	0.902275	-0.273426	-0.040352	-0.0807344929436753	0.626371
chr21	42250000	42300000	-0.073184	0.48329	-0.132258	0.393855	0.884971	-0.345188	-0.058114	-0.0791695908744885	0.601358
chr21	42300000	42350000	-0.041828	0.422406	-0.111729	0.405868	0.888622	-0.418166	-0.0622	-0.0994288554103453	0.592801
chr21	42350000	42400000	0.009623	0.26698	-0.064394	0.459787	0.905826	-0.515225	-0.047044	-0.06288936897683595	0.610215
chr21	42400000	42450000	0.082435	-0.011817	0.001692	0.501271	0.90001	-0.828509	-0.063831	-0.07085187457343678	0.616758
chr21	42450000	42500000	0.113991	-0.114424	0.018533	0.434786	0.922399	-0.187607	-0.107701	0.003599181524211348	0.521007
chr21	42500000	42550000	0.065837	0.072584	-0.024517	0.366533	0.928201	-0.253447	-0.114224	0.030330248366765122	0.431966
chr21	42550000	42600000	0.019086	0.214066	-0.074799	0.288082	0.913575	-0.152293	-0.144007	-0.0409903654619852	0.379795
chr21	42600000	42650000	-0.016674	0.306427	-0.103538	0.340985	0.909893	-0.250774	-0.094963	-0.054872332540435	0.360868
chr21	42650000	42700000	-0.065884	0.445331	-0.126068	0.423696	0.919161	-0.315793	-0.040681	-0.07983742052575937	0.330336
chr21	42700000	42750000	-0.111406	0.534179	-0.134976	0.390316	0.913435	-0.231901	-0.125105	-0.1097839094020232	0.337167
chr21	42750000	42800000	-0.129326	0.544193	-0.13448	0.326954	0.926398	-0.14961	-0.221774	-0.11370348587264867	0.373757
chr21	42800000	42850000	-0.100816	0.485624	-0.126905	0.342837	0.907064	-0.268404	-0.270016	-0.10136489328585718	0.397611
chr21	42850000	42900000	-0.073002	0.395605	-0.095752	0.296096	0.916612	-0.185442	-0.219895	-0.14563748231159857	0.387173
chr21	42900000	42950000	-0.044274	0.288807	-0.067913	0.285416	0.914717	-0.13504	-0.197168	-0.12682557088821078	0.38136
chr21	42950000	43000000	0.00035	0.19749	-0.043956	0.344235		-0.440538	-0.182506	-0.10398423834018855	0.30752
chr21	43000000	43050000	-0.007453	0.279257	-0.062886	0.415721	0.914047	-0.034845	-0.165017	-0.09845509883622461	0.260408
chr21	43050000	43100000	-0.040453	0.387103	-0.092973	0.347321	0.928956	0.026132	-0.213738	-0.12707159202474017	0.216261
chr21	43100000	43150000	-0.040317	0.385309	-0.101527	0.235066	0.921961	0.050877	-0.22563	-0.10768230920349342	0.191972
chr21	43150000	43200000	-0.005753	0.298854	-0.084921	0.293323	0.926321	0.065302	-0.222063	-0.06936520646978594	
chr21	43200000	43250000	0.035815	0.157159	-0.046078	0.412137	0.918774	-0.008054	-0.168029	-0.06736500984783367	
chr21	43250000	43300000	0.048172	0.125869	-0.030554	0.35672	0.91181	-0.046668	-0.101634	-0.08207079890676305	
chr21	43300000	43350000	0.021807	0.189425	-0.051882	0.311644	0.913712	-0.017499	-0.075727	-0.07389565075938576	
chr21	43350000	43400000	-0.001957	0.254232	-0.05714	0.316606	0.925698	0.024638	-0.083576	-0.0582668293244859	
chr21	43400000	43450000	-0.013271	0.300013	-0.083398	0.257306	0.917077	-0.033453	-0.124528	-0.07327210521789829	
chr21	43450000	43500000	-0.033664	0.317735	-0.085904	0.263449	0.915824	0.064505	-0.173949	-0.1543221749631225	
chr21	43500000	43550000	0.000558	0.212999	-0.057008	0.412692	0.903056	-0.096063	-0.09404	-0.07626299972307093	
chr21	43550000	43600000	-0.023971	0.247956	-0.051294	0.443703	0.923479	-0.067388	-0.063551	-0.06680549361926014	
chr21	43600000	43650000	-0.079884	0.37801	-0.08727	0.313609	0.920526	-0.011337	-0.107687	-0.1027044145236744	
chr21	43650000	43700000	-0.066218	0.343617	-0.090554	0.353829	0.917497	-0.045439	-0.092074	-0.08997359375978864	
chr21	43700000	43750000	-0.039889	0.302177	-0.073008	0.347871	0.910816	-0.095825	-0.148463	-0.12750025296693845	
chr21	43750000	43800000	-0.050861	0.346235	-0.08701	0.387523	0.914086	-0.140968	-0.214253	-0.14545043911122213	
chr21	43800000	43850000	-0.047508	0.313608	-0.077582	0.356591	0.912322	-0.112059	-0.23277	-0.1583394348283843	
chr21	43850000	43900000	-0.021029	0.22924	-0.054919	0.387167	0.925935	-0.204941	-0.164522	-0.08677096657763961	
chr21	43900000	43950000	-0.029468	0.234976	-0.067862	0.317156	0.916018	-0.09967	-0.094106	-0.06777923189238899	
chr21	43950000	44000000	-0.026366	0.233409	-0.061295	0.428428	0.904804	-0.113711	-0.106994	-0.04751650787547268	
chr21	44000000	44050000	-0.043896	0.291437	-0.073852	0.453604	0.911114	-0.042301	-0.050603	-0.07248418640908816	
chr21	44050000	44100000	-0.094817	0.440056	-0.118311	0.333826	0.911062	0.070222	-0.019717	-0.0813177598745527	
chr21	44100000	44150000	-0.101034	0.458245	-0.115113	0.332127	0.919192	0.062076	0.07771	-0.07784045226499947	
chr21	44150000	44200000	-0.079696	0.356859	-0.081082	0.329472	0.909989	-0.121364	0.071143	-0.1078337695731102	
chr21	44200000	44250000	-0.019791	0.178476	-0.050151	0.448585	0.907764	-0.119161	-0.014145	-0.07421987166974253	
chr21	44250000	44300000	0.019967	0.07648	-0.01391	0.379354	0.904763	-0.238238	0.165759	-0.07121198058988565	
chr21	44300000	44350000	-0.007519	0.17173	-0.049485	0.477097	0.924892	-0.424455	0.240615	-0.02864862253694256	
chr21	44350000	44400000	-0.069147	0.358479	-0.087443	0.368894	0.907808	-0.271682	0.166298	0.004926773998153111	
chr21	44400000	44450000	-0.07486	0.409804	-0.0934	0.348035	0.925113	-0.235293	0.009611	-0.13436739546220366	
chr21	44450000	44500000	-0.039353	0.31082	-0.087565	0.373217	0.910733	-0.392837	0.04776	-0.08216971268019024	
chr21	44500000	44550000	0.010862	0.120584	-0.037904	0.526044	0.920519	-0.327597	0.153013	0.03355430053670905	
chr21	44550000	44600000	0.037569	0.016625	-0.004207	0.580905	0.917651	-0.41425	0.214755	-0.011605507429921058	
chr21	44600000	44650000	-0.022652	0.141294	-0.032355	0.623685	0.889842	-0.370669	0.28263	-0.06990770833921511	
chr21	44650000	44700000	-0.014929	0.211926	-0.055635	0.778612		-0.953884	0.219518	0.11639729761184514	
chr21	44700000	44750000	-0.13003	0.422304	-0.11003	0.458082	0.891006	-0.194372	0.218103	0.014310957613441477	
chr21	44750000	44800000	-0.177939	0.497495	-0.128234	0.443393	0.912451	-0.184467	0.227456	0.031190340826162677	
chr21	44800000	44850000	-0.183478	0.514054	-0.122888	0.469985	0.908779	-0.323703	0.269369	0.07700544736365833	
chr21	44850000	44900000	-0.173889	0.472741	-0.134026	0.479465	0.909693	-0.344171	0.292147	0.06371097477525667	
chr21	44900000	44950000	-0.129967	0.414304	-0.128687	0.426759	0.914132	-0.253731	0.202345	-0.012059921612353364	
chr21	44950000	45000000	-0.070734	0.32146	-0.101267	0.349211	0.910848	-0.232069	0.119148	-0.10860123011854306	
chr21	45000000	45050000	0.004072	0.191971	-0.051663	0.442264	0.911332	-0.396479	0.144685	-0.01907471301568353	
chr21	45050000	45100000	0.070734	0.021134	-0.009186	0.526512	0.922926	-0.465551	0.254748	0.04177303641738128	
chr21	45100000	45150000	0.079637	-0.010863	-0.00486		0.926445	0.1147	0.300439	-0.0006971911393313102	
chr21	45150000	45200000	0.089084	-0.019793	-0.010037		0.913448	-0.062268	0.235937	-0.0044410853464145195	
chr21	45200000	45250000	0.060787	0.084724	-0.033094		0.920052	-0.197427	0.281734	-0.028320219233184618	
chr21	45250000	45300000	-0.01259	0.280356	-0.077868		0.915863	-0.039999	0.335453	-0.0036772488523700853	
chr21	45300000	45350000	-0.031189	0.32197	-0.088784		0.912066	-0.006117	0.365992	-0.03775441667741852	
chr21	45350000	45400000	-0.001637	0.2185	-0.055809		0.906418	-0.152682	0.513973	-0.029274928121069688	
chr21	45400000	45450000	-0.003503	0.150003	-0.037714		0.898127	-0.115931	0.481833	0.008560441451559542	
chr21	45450000	45500000	0.00715	0.110643	-0.027577		0.910848	-0.086083	0.379082	0.050959127095788204	
chr21	45500000	45550000	0.040132	0.049674	-0.007769		0.911955	-0.158491	0.362274	0.07533465157165276	
chr21	45550000	45600000	0.020972	0.12929	-0.033213		0.920466	-0.095771	0.248754	0.10348049737825415	
chr21	45600000	45650000	-0.038175	0.287268	-0.069606		0.915082	-0.028389	0.364112	0.06634637093718398	
chr21	45650000	45700000	-0.040404	0.304241	-0.073299		0.912221	-0.040937	0.456773	0.0640141924499057	
chr21	45700000	45750000	0.027127	0.161858	-0.040149		0.910552	-0.218915	0.355322	0.05190279155089916	
chr21	45750000	45800000	0.033474	0.093359	-0.028365		0.918314	0.102596	0.221696	0.08583517285508502	
chr21	45800000	45850000	0.014616	0.116033	-0.033102		0.911664	-0.073599	0.215506	0.08354700833284523	
chr21	45850000	45900000	0.018278	0.090664	-0.018073		0.914301	0.015212	0.283415	0.0878379731761516	
chr21	45900000	45950000	0.016014	0.128187	-0.034681		0.911303	-0.157706	0.348506	0.11863485728056933	
chr21	45950000	46000000	-0.055212	0.296979	-0.075684		0.90423	-0.081047	0.188142	0.0825725195476451	
chr21	46000000	46050000	-0.101417	0.384203	-0.092282		0.911517	-0.013825	0.017999	0.049708847896834274	
chr21	46050000	46100000	-0.111749	0.403377	-0.099379		0.913413	0.013352	0.009762	0.07400208724561363	
chr21	46100000	46150000	-0.111784	0.400146	-0.103311		0.913774	0.020276	0.013878	0.002275467777031248	
chr21	46150000	46200000	-0.082569	0.336387	-0.083928		0.906985	-0.019034	0.069733	0.10156431892578244	
chr21	46200000	46250000	-0.059567	0.259008	-0.068923		0.911948	-0.025555	0.179163	0.12347204317090987	
chr21	46250000	46300000	-0.059927	0.278525	-0.071074		0.90837	-0.041846	0.289854	0.04970737904524403	
chr21	46300000	46350000	-0.025871	0.256471	-0.054969		0.912177	-0.107321	0.428542	0.1261876267925236	
chr21	46350000	46400000	-0.02239	0.265944	-0.058216		0.912125	-0.064668	0.414347	0.14113127454779262	
chr21	46400000	46450000	-0.046557	0.331521	-0.073072		0.90928	-0.027279	0.299478	0.05721924820474822	
chr21	46450000	46500000	-0.043642	0.317846	-0.074195		0.910246	-0.000623	0.342776	0.07702236302568644	
chr21	46500000	46550000	-0.000478	0.197174	-0.048008		0.915925	-0.067372	0.493853	0.09615863408973313	
chr21	46550000	46600000	0.009435	0.151767	-0.039524		0.928635	-0.13336	0.537046	0.14930472006861062	
chr21	46600000	46650000	-0.013385	0.201719	-0.052154		0.910204	-0.079897	0.531843	0.12350678008963578	
chr21	46650000	46700000	-0.009733	0.230676	-0.0556		0.903013	-0.076041	0.494759	0.08338553067226417	
chr21	46700000	46750000	-0.000889	0.250852	-0.062189		0.917705	-0.098894	0.574859	0.10432708158904991	
chr21	46750000	46800000	-0.02024	0.304633	-0.072565		0.908223	-0.029808	0.510262	0.052178858429487995	
chr21	46800000	46850000	-0.026984	0.292051	-0.068726		0.909898	-0.066306	0.370632	0.09293445541121359	
chr21	46850000	46900000	-0.012305	0.201696	-0.043224		0.907974	-0.100488	0.356065	0.15252575876123242	
chr21	46900000	46950000	-0.017689	0.155924	-0.043666			-0.102109	0.294523	0.06098854585690772	
chr21	46950000	47000000	-0.083483	0.331106	-0.074436		0.900099	0.002834	0.336087	0.16038562616999918	
chr21	47000000	47050000	-0.155865	0.496729	-0.114588		0.910874	0.014512	0.32361	0.08419419381055981	
chr21	47050000	47100000	-0.169471	0.559928	-0.134865		0.900001	0.076353	0.228802	0.04158315650013722	
chr21	47100000	47150000	-0.141628	0.519997	-0.123201		0.902222	0.028084	0.307084	0.0484737477696916	
chr21	47150000	47200000	-0.105798	0.427238	-0.108989		0.90877	-0.067471	0.38879	0.04014351694532303	
chr21	47200000	47250000	-0.026246	0.214312	-0.054928		0.903951	-0.180941		0.10328187133979672	
chr21	47250000	47300000	0.038934	0.04841	-0.02081		0.911198	-0.193092		0.06377414989558483	
chr21	47300000	47350000	0.07306	-0.007266	0.004637		0.899867	-0.034011		0.105563486327102	
chr21	47350000	47400000	0.041125	0.092723	-0.014689		0.914875			0.13898193597393615	
chr21	47400000	47450000	-0.02901	0.281994	-0.069273		0.894034			0.10991475089356006	
chr21	47450000	47500000	-0.063313	0.34406	-0.101877		0.903741			0.06487803958416105	
chr21	47500000	47550000	-0.045614	0.277637	-0.085422		0.905216			0.10436351840491842	
chr21	47550000	47600000	-0.068417	0.296754	-0.073336		0.901125			0.15146456611588255	
chr21	47600000	47650000	-0.101089	0.357181	-0.082972		0.903187			0.14671189277237673	
chr21	47650000	47700000	-0.09763	0.330785	-0.072353		0.911187			0.08666296215651748	
chr21	47700000	47750000	-0.08649	0.323463	-0.073655		0.904743			0.0036845303164301235	
chr21	47750000	47800000	-0.092118	0.334445	-0.082518		0.904866			0.059538789686133575	
chr21	47800000	47850000	-0.08353	0.314536	-0.072536		0.88359			0.06377414989558483	
chr21	47850000	47900000					0.916043			0.0941177221157562	
chr21	47900000	47950000					0.900495			0.014976044226942431	
chr21	47950000	48000000					0.900555			0.011871061115838355	
chr21	48000000	48050000					0.903337			0.00783167694892728	
chr21	48050000	48100000					0.89119			-0.014359272628458042	
chr21	48100000	48150000								0.07712198924479474	
