chr	start	end	InsulationScore	ContrastIndex	DirectionalityIndex	SeparationScore	DistalToLocalRatio	CompartmentPC1	IntraTADscore	InterTADscore	InteractionFrequency
chr21	0	50000									0.0
chr21	50000	100000									0.0
chr21	100000	150000									0.0
chr21	150000	200000									0.0
chr21	200000	250000									0.0
chr21	250000	300000									0.0
chr21	300000	350000									0.0
chr21	350000	400000									0.0
chr21	400000	450000									0.0
chr21	450000	500000									0.0
chr21	500000	550000									0.0
chr21	550000	600000									0.0
chr21	600000	650000									0.0
chr21	650000	700000									0.0
chr21	700000	750000									0.0
chr21	750000	800000									0.0
chr21	800000	850000									0.0
chr21	850000	900000									0.0
chr21	900000	950000									0.0
chr21	950000	1000000									0.0
chr21	1000000	1050000									0.0
chr21	1050000	1100000									0.0
chr21	1100000	1150000									0.0
chr21	1150000	1200000									0.0
chr21	1200000	1250000									0.0
chr21	1250000	1300000									0.0
chr21	1300000	1350000									0.0
chr21	1350000	1400000									0.0
chr21	1400000	1450000									0.0
chr21	1450000	1500000									0.0
chr21	1500000	1550000									0.0
chr21	1550000	1600000									0.0
chr21	1600000	1650000									0.0
chr21	1650000	1700000									0.0
chr21	1700000	1750000									0.0
chr21	1750000	1800000									0.0
chr21	1800000	1850000									0.0
chr21	1850000	1900000									0.0
chr21	1900000	1950000									0.0
chr21	1950000	2000000									0.0
chr21	2000000	2050000									0.0
chr21	2050000	2100000									0.0
chr21	2100000	2150000									0.0
chr21	2150000	2200000									0.0
chr21	2200000	2250000									0.0
chr21	2250000	2300000									0.0
chr21	2300000	2350000									0.0
chr21	2350000	2400000									0.0
chr21	2400000	2450000									0.0
chr21	2450000	2500000									0.0
chr21	2500000	2550000									0.0
chr21	2550000	2600000									0.0
chr21	2600000	2650000									0.0
chr21	2650000	2700000									0.0
chr21	2700000	2750000									0.0
chr21	2750000	2800000									0.0
chr21	2800000	2850000									0.0
chr21	2850000	2900000									0.0
chr21	2900000	2950000									0.0
chr21	2950000	3000000									0.0
chr21	3000000	3050000									0.0
chr21	3050000	3100000									0.0
chr21	3100000	3150000									0.0
chr21	3150000	3200000									0.0
chr21	3200000	3250000									0.0
chr21	3250000	3300000									0.0
chr21	3300000	3350000									0.0
chr21	3350000	3400000									0.0
chr21	3400000	3450000									0.0
chr21	3450000	3500000									0.0
chr21	3500000	3550000									0.0
chr21	3550000	3600000									0.0
chr21	3600000	3650000									0.0
chr21	3650000	3700000									0.0
chr21	3700000	3750000									0.0
chr21	3750000	3800000									0.0
chr21	3800000	3850000									0.0
chr21	3850000	3900000									0.0
chr21	3900000	3950000									0.0
chr21	3950000	4000000									0.0
chr21	4000000	4050000									0.0
chr21	4050000	4100000									0.0
chr21	4100000	4150000									0.0
chr21	4150000	4200000									0.0
chr21	4200000	4250000									0.0
chr21	4250000	4300000									0.0
chr21	4300000	4350000									0.0
chr21	4350000	4400000									0.0
chr21	4400000	4450000									0.0
chr21	4450000	4500000									0.0
chr21	4500000	4550000									0.0
chr21	4550000	4600000									0.0
chr21	4600000	4650000									0.0
chr21	4650000	4700000									0.0
chr21	4700000	4750000									0.0
chr21	4750000	4800000									0.0
chr21	4800000	4850000									0.0
chr21	4850000	4900000									0.0
chr21	4900000	4950000									0.0
chr21	4950000	5000000									0.0
chr21	5000000	5050000									0.0
chr21	5050000	5100000									0.0
chr21	5100000	5150000									0.0
chr21	5150000	5200000									0.0
chr21	5200000	5250000									0.0
chr21	5250000	5300000									0.0
chr21	5300000	5350000									0.0
chr21	5350000	5400000									0.0
chr21	5400000	5450000									0.0
chr21	5450000	5500000									0.0
chr21	5500000	5550000									0.0
chr21	5550000	5600000									0.0
chr21	5600000	5650000									0.0
chr21	5650000	5700000									0.0
chr21	5700000	5750000									0.0
chr21	5750000	5800000									0.0
chr21	5800000	5850000									0.0
chr21	5850000	5900000									0.0
chr21	5900000	5950000									0.0
chr21	5950000	6000000									0.0
chr21	6000000	6050000									0.0
chr21	6050000	6100000									0.0
chr21	6100000	6150000									0.0
chr21	6150000	6200000									0.0
chr21	6200000	6250000									0.0
chr21	6250000	6300000									0.0
chr21	6300000	6350000									0.0
chr21	6350000	6400000									0.0
chr21	6400000	6450000									0.0
chr21	6450000	6500000									0.0
chr21	6500000	6550000									0.0
chr21	6550000	6600000									0.0
chr21	6600000	6650000									0.0
chr21	6650000	6700000									0.0
chr21	6700000	6750000									0.0
chr21	6750000	6800000									0.0
chr21	6800000	6850000									0.0
chr21	6850000	6900000									0.0
chr21	6900000	6950000									0.0
chr21	6950000	7000000									0.0
chr21	7000000	7050000									0.0
chr21	7050000	7100000									0.0
chr21	7100000	7150000									0.0
chr21	7150000	7200000									0.0
chr21	7200000	7250000									0.0
chr21	7250000	7300000									0.0
chr21	7300000	7350000									0.0
chr21	7350000	7400000									0.0
chr21	7400000	7450000									0.0
chr21	7450000	7500000									0.0
chr21	7500000	7550000									0.0
chr21	7550000	7600000									0.0
chr21	7600000	7650000									0.0
chr21	7650000	7700000									0.0
chr21	7700000	7750000									0.0
chr21	7750000	7800000									0.0
chr21	7800000	7850000									0.0
chr21	7850000	7900000									0.0
chr21	7900000	7950000									0.0
chr21	7950000	8000000									0.0
chr21	8000000	8050000									0.0
chr21	8050000	8100000									0.0
chr21	8100000	8150000									0.0
chr21	8150000	8200000									0.0
chr21	8200000	8250000									0.0
chr21	8250000	8300000									0.0
chr21	8300000	8350000									0.0
chr21	8350000	8400000									0.0
chr21	8400000	8450000									0.0
chr21	8450000	8500000									0.0
chr21	8500000	8550000									0.0
chr21	8550000	8600000									0.0
chr21	8600000	8650000									0.0
chr21	8650000	8700000									0.0
chr21	8700000	8750000									0.0
chr21	8750000	8800000									0.0
chr21	8800000	8850000									0.0
chr21	8850000	8900000									0.0
chr21	8900000	8950000									0.0
chr21	8950000	9000000									0.0
chr21	9000000	9050000									0.0
chr21	9050000	9100000									0.0
chr21	9100000	9150000									0.0
chr21	9150000	9200000									0.0
chr21	9200000	9250000									0.0
chr21	9250000	9300000									0.0
chr21	9300000	9350000									0.0
chr21	9350000	9400000									0.0
chr21	9400000	9450000						-0.002428			0.6342657256756065
chr21	9450000	9500000	0.164545		6.883507			-0.007267			0.7179873404946053
chr21	9500000	9550000	0.240202	1.400389	4.64638	0.624154		9.4e-05			0.614617773374582
chr21	9550000	9600000	0.178442	2.118042	-6.971179	0.36616		0.002944			0.4921395098363676
chr21	9600000	9650000	0.231047	1.9033	8.800308	0.300492		-0.000861			0.5926532314207236
chr21	9650000	9700000	0.271704	1.796777		0.334643		-0.006716			0.7014001403310843
chr21	9700000	9750000	0.308995	1.904788		0.276665		-0.012438			0.8531061426134042
chr21	9750000	9800000	0.209466	2.331802	-8.12658	0.206096		-0.002503			0.892786152539515
chr21	9800000	9850000	0.263838	1.966018		0.221598		0.01069			0.6783482304631431
chr21	9850000	9900000	0.382392	1.465992		0.33178		0.007123			0.6831922188838591
chr21	9900000	9950000	0.411295	1.624944	7.042707	0.283384		-0.004502			0.8000980435871834
chr21	9950000	10000000	0.384066	1.503411		0.326226		-0.009094			0.8240389575330281
chr21	10000000	10050000	0.178334	2.402532		0.178929		-0.005119			0.8349475096741711
chr21	10050000	10100000	0.146823	2.669841		0.165396		0.002676			0.6970121009612283
chr21	10100000	10150000	0.134991	2.767391	6.731943	0.153164		-0.002358			0.6463010671597715
chr21	10150000	10200000	0.146456	2.359616	7.145318	0.205498		0.001912			0.7098781033685128
chr21	10200000	10250000	0.09326	3.07431		0.086207		-0.002642			0.5283463192552013
chr21	10250000	10300000	0.098443	3.308485		0.073856					0.0
chr21	10300000	10350000	0.101121	3.351885		0.099125					0.0
chr21	10350000	10400000			9.287968			-0.013262			0.9694316800711398
chr21	10400000	10450000						-0.020893			0.9694316800711398
chr21	10450000	10500000						-0.010215			0.9926512367085196
chr21	10500000	10550000						-0.016363			0.9899020507675402
chr21	10550000	10600000			-4.525429			-0.014793			0.9631451386419964
chr21	10600000	10650000						-0.018427			0.9306311839336873
chr21	10650000	10700000	0.610963	1.467719		0.347468					0.0
chr21	10700000	10750000						-0.009847			0.9673596246546047
chr21	10750000	10800000						-0.01402			0.901884692086089
chr21	10800000	10850000						-0.003949			0.8642984852565777
chr21	10850000	10900000						-0.012785			0.9048214940236801
chr21	10900000	10950000						-0.018962			0.9935586986885321
chr21	10950000	11000000						-0.020386			1.0251288009261477
chr21	11000000	11050000	0.54208	1.040369		0.612589		-0.01795			1.0487840441153653
chr21	11050000	11100000	0.466713	0.980861		0.764595		-0.014377			1.058618470451092
chr21	11100000	11150000	0.29458					-0.014845			1.0507928578190677
chr21	11150000	11200000						-0.017033			1.0592560200255903
chr21	11200000	11250000									0.0
chr21	11250000	11300000									0.0
chr21	11300000	11350000									0.0
chr21	11350000	11400000									0.0
chr21	11400000	11450000									0.0
chr21	11450000	11500000									0.0
chr21	11500000	11550000									0.0
chr21	11550000	11600000									0.0
chr21	11600000	11650000									0.0
chr21	11650000	11700000									0.0
chr21	11700000	11750000									0.0
chr21	11750000	11800000									0.0
chr21	11800000	11850000									0.0
chr21	11850000	11900000									0.0
chr21	11900000	11950000									0.0
chr21	11950000	12000000									0.0
chr21	12000000	12050000									0.0
chr21	12050000	12100000									0.0
chr21	12100000	12150000									0.0
chr21	12150000	12200000									0.0
chr21	12200000	12250000									0.0
chr21	12250000	12300000									0.0
chr21	12300000	12350000									0.0
chr21	12350000	12400000									0.0
chr21	12400000	12450000									0.0
chr21	12450000	12500000									0.0
chr21	12500000	12550000									0.0
chr21	12550000	12600000									0.0
chr21	12600000	12650000									0.0
chr21	12650000	12700000									0.0
chr21	12700000	12750000									0.0
chr21	12750000	12800000									0.0
chr21	12800000	12850000									0.0
chr21	12850000	12900000									0.0
chr21	12900000	12950000									0.0
chr21	12950000	13000000									0.0
chr21	13000000	13050000									0.0
chr21	13050000	13100000									0.0
chr21	13100000	13150000									0.0
chr21	13150000	13200000									0.0
chr21	13200000	13250000									0.0
chr21	13250000	13300000									0.0
chr21	13300000	13350000									0.0
chr21	13350000	13400000									0.0
chr21	13400000	13450000									0.0
chr21	13450000	13500000									0.0
chr21	13500000	13550000									0.0
chr21	13550000	13600000									0.0
chr21	13600000	13650000									0.0
chr21	13650000	13700000									0.0
chr21	13700000	13750000									0.0
chr21	13750000	13800000									0.0
chr21	13800000	13850000									0.0
chr21	13850000	13900000									0.0
chr21	13900000	13950000									0.0
chr21	13950000	14000000									0.0
chr21	14000000	14050000									0.0
chr21	14050000	14100000									0.0
chr21	14100000	14150000									0.0
chr21	14150000	14200000									0.0
chr21	14200000	14250000									0.0
chr21	14250000	14300000									0.0
chr21	14300000	14350000						-0.015858			0.8624791238120161
chr21	14350000	14400000	0.16117		8.738932		-0.428912	-0.032815			1.0630362116715966
chr21	14400000	14450000	0.339655	1.253576		0.74703		-0.038736			1.075110529656876
chr21	14450000	14500000	0.494124	0.909598		0.641677		-0.0352			1.0691710763814384
chr21	14500000	14550000	0.627889	0.741498		0.604723		-0.033805			1.0721644483388482
chr21	14550000	14600000	0.714943	0.697323	7.759955	0.545236	-0.582615	-0.032702			1.0797295414923336
chr21	14600000	14650000	0.805351	0.667515	7.141316	0.509268	-0.548798	-0.034157			1.0847927412570912
chr21	14650000	14700000	0.825959	0.649309	6.774198	0.520218	-0.549899	-0.039323			1.0869996672379014
chr21	14700000	14750000	0.806565	0.662566	5.819384	0.520286	-0.594511	-0.036439			1.0768560937489657
chr21	14750000	14800000			5.993142		-0.603544	-0.041767			1.085346926119335
chr21	14800000	14850000						-0.031868			1.0847927412570912
chr21	14850000	14900000						-0.039344			1.0808666368990187
chr21	14900000	14950000						-0.039288			1.0836794061955874
chr21	14950000	15000000			-6.32408		-0.629964	-0.020204			1.0258915139276181
chr21	15000000	15050000			-6.67286		-0.46758	-0.026722			0.9953604814868156
chr21	15050000	15100000	0.628926	0.914276		0.456808					0.0
chr21	15100000	15150000			5.614564		-0.680673	-0.004964			0.8531061426134042
chr21	15150000	15200000						-0.0257			1.0132971547859957
chr21	15200000	15250000			3.509481		-0.810607	-0.033679			1.0611556942008735
chr21	15250000	15300000			-5.303678		-0.806093	-0.038398			1.0655144284604465
chr21	15300000	15350000						-0.040209			1.0785854699965813
chr21	15350000	15400000						-0.034023			1.0762760526315467
chr21	15400000	15450000	0.641873	0.813449		0.476431		-0.038875			1.079158383101275
chr21	15450000	15500000	0.60653	0.974813		0.464272		-0.041504			1.0929374011335804
chr21	15500000	15550000	0.547456	1.13377	-6.839736	0.426472	-0.696135	-0.038537			1.094524500661329
chr21	15550000	15600000	0.485983	1.293525		0.374772		-0.042014			1.1052713544812351
chr21	15600000	15650000	0.456244	1.373202	4.232017	0.348182	-0.869582	-0.027319	1.946418		1.114488258404301
chr21	15650000	15700000	0.494599	1.253553		0.364952		-0.010031	2.10291		1.1121065776417
chr21	15700000	15750000	0.556359	1.090443	6.607811	0.421053	-0.821529	0.009561	2.088529		1.100741178619054
chr21	15750000	15800000	0.613064	0.990047		0.461037		0.016663	2.234905	2.006486	1.080298955885591
chr21	15800000	15850000	0.680895	0.833323	7.691381	0.503411	-1.056354	-0.003319	2.254957	1.854203	1.0745250250349108
chr21	15850000	15900000	0.770867	0.640695	7.041302	0.542363	-1.010184	-0.001105	1.980122	1.828553	1.094524500661329
chr21	15900000	15950000	0.828649	0.539999	6.466897	0.552749	-0.962452	0.004021	1.802566	1.86688	1.1057679807904683
chr21	15950000	16000000	0.837472	0.507677	5.861731	0.547687	-1.008746	-0.001549	1.739768	1.838994	1.095050546338513
chr21	16000000	16050000	0.82181	0.543329		0.54105		-0.006289	1.701908	1.767229	1.085346926119335
chr21	16050000	16100000	0.78175	0.660558	2.831061	0.517941	-1.063482	-0.00522	1.80315	1.723237	1.0897220961562504
chr21	16100000	16150000	0.723425	0.835517	-1.612068	0.477882	-1.148808	-0.003879	1.853655	1.696632	1.066128870759006
chr21	16150000	16200000	0.695537	0.89898	3.33486	0.458563	-1.102706	-0.005144	1.813087	1.703575	1.0814325950539145
chr21	16200000	16250000	0.682501	0.900236	5.593142	0.452625	-1.148797	0.004353	1.898926	1.760459	1.0703741971281702
chr21	16250000	16300000	0.717943	0.80589	5.921062	0.473002		0.012583	1.650266	1.838574	1.0934679365380795
chr21	16300000	16350000	0.749382	0.719951	4.906433	0.504666	-1.038007	0.011678	1.589011	1.888052	1.091336678267337
chr21	16350000	16400000	0.766942	0.683098	3.577535	0.516106	-1.021846	0.012657	1.607223	1.918192	1.100741178619054
chr21	16400000	16450000	0.774008	0.700101	-1.022938	0.514365	-1.060175	0.014679	1.611506	1.899236	1.0902618449235095
chr21	16450000	16500000	0.785606	0.702552	3.564378	0.507222	-1.095624	0.005469	1.682806	1.812195	1.0897220961562504
chr21	16500000	16550000	0.811993	0.666825	-0.802962	0.513535	-1.141743	0.001976	1.671019	1.756323	1.071569605509434
chr21	16550000	16600000	0.822889	0.63323	-4.028867	0.518967	-1.123355	0.000985	1.721643	1.747365	1.0762760526315467
chr21	16600000	16650000	0.81989	0.611282	-4.544664	0.522728	-1.135302	-0.002203	1.765805	1.72578	1.0774343362863898
chr21	16650000	16700000	0.810613	0.60857	-5.160106	0.532002		-0.005794	1.837097	1.680201	1.073937676300856
chr21	16700000	16750000	0.784526	0.641133	-6.103732	0.529203	-1.154918	-0.003699	1.907534	1.655599	1.0756942017105173
chr21	16750000	16800000	0.734785	0.749255	-6.413201	0.509325	-1.167858	-0.007162	2.020571	1.63274	1.066128870759006
chr21	16800000	16850000	0.658213	0.908127	-7.047336	0.467895	-1.246495	-0.007239	2.332964	1.597979	1.0605246172233056
chr21	16850000	16900000	0.603458	1.073005	-6.642445	0.414712		-0.003447	2.565029	1.591155	1.058618470451092
chr21	16900000	16950000	0.584527	1.154263	-5.8502	0.393907	-1.222274	-0.001103	2.461636	1.639252	1.0655144284604465
chr21	16950000	17000000	0.579276	1.156521	-4.275025	0.403565	-1.206475	0.00704	1.470349	1.772686	1.0673517149368767
chr21	17000000	17050000	0.633756	0.95675	2.776817	0.445981	-1.035722	0.017391	1.588113	2.01454	1.080298955885591
chr21	17050000	17100000	0.699134	0.729055	0.12213	0.493613	-0.876678	0.029476	1.505065	2.293533	1.08863788921324
chr21	17100000	17150000	0.743037	0.585965	-3.898986	0.540984	-0.73065	0.035289	1.293226	2.45942	1.079158383101275
chr21	17150000	17200000	0.700984	0.663781	-6.863626	0.526473	-0.804211	0.034196	1.425706	2.447654	1.084236904574634
chr21	17200000	17250000	0.600711	0.95381	-7.451178	0.459606	-0.839003	0.030843	1.479076	2.330026	1.090800035972103
chr21	17250000	17300000	0.474155	1.34711	-6.672963	0.369186	-0.9716	0.018671	1.534718	2.082991	1.1017574376404153
chr21	17300000	17350000	0.418346	1.531191	1.211379	0.327422		-0.008339	1.819144	1.816053	1.0880934127128643
chr21	17350000	17400000	0.457085	1.376617	5.912516	0.346767	-1.031003	-0.028568	1.99359	1.624627	1.0929374011335804
chr21	17400000	17450000	0.51906	1.131332	6.547882	0.39592	-1.031059	-0.037106	2.031816	1.527409	1.0976587436643757
chr21	17450000	17500000	0.596364	0.881518	6.701349	0.465791		-0.039887	2.035299	1.505393	1.0981760340623774
chr21	17500000	17550000	0.663814	0.719012	6.42591	0.507706	-0.959632	-0.041463	1.918868	1.49846	1.098691893503094
chr21	17550000	17600000	0.713751	0.638995	5.984287	0.518281	-0.960967	-0.042865	1.775911	1.475675	1.09399696687558
chr21	17600000	17650000	0.740782	0.617474	5.821877	0.523598	-0.937868	-0.04261	1.753421	1.468281	1.096619838086559
chr21	17650000	17700000	0.742174	0.641009	4.340509	0.518442	-0.919334	-0.043361	1.691847	1.460274	1.095050546338513
chr21	17700000	17750000	0.736711	0.6646	5.521719	0.515081	-0.935277	-0.044208	1.71011	1.435405	1.0976587436643757
chr21	17750000	17800000	0.740274	0.652791	5.210273	0.514387	-0.914979	-0.045244	1.641104	1.429249	1.0929374011335804
chr21	17800000	17850000	0.736808	0.644094	4.97676	0.513042	-0.880593	-0.045989	1.596897	1.435584	1.095050546338513
chr21	17850000	17900000	0.734502	0.645318	4.648043	0.515257	-0.887188	-0.043617	1.606392	1.432115	1.0976587436643757
chr21	17900000	17950000	0.739347	0.629314	3.24927	0.521242	-0.87642	-0.047761	1.541363	1.413969	1.095575112279067
chr21	17950000	18000000	0.743383	0.624232	0.762428	0.524837		-0.04739	1.548116	1.400611	1.090800035972103
chr21	18000000	18050000	0.746521	0.63522	-1.129491	0.520509	-0.836734	-0.047201	1.548362	1.398109	1.091336678267337
chr21	18050000	18100000	0.746584	0.634776	-2.811679	0.519789	-0.882948	-0.047118	1.554423	1.384889	1.095575112279067
chr21	18100000	18150000	0.754286	0.624252	-3.947669	0.521034	-0.856958	-0.046048	1.527657	1.385026	1.0918717806973408
chr21	18150000	18200000	0.748108	0.629699	-4.9041	0.516856	-0.880344	-0.046315	1.586857	1.3859	1.0924053520739505
chr21	18200000	18250000	0.747318	0.639518	-5.479845	0.514802	-0.862904	-0.046869	1.615323	1.390202	1.09399696687558
chr21	18250000	18300000	0.7472	0.644556	-5.966533	0.5145	-0.857873	-0.043137	1.612746	1.393827	1.094524500661329
chr21	18300000	18350000	0.74772	0.660456	-6.526309	0.511875	-0.875605	-0.046154	1.651788	1.383667	1.095050546338513
chr21	18350000	18400000	0.729394	0.694049	-6.51223	0.500369	-0.850523	-0.045801	1.775997	1.393373	1.095575112279067
chr21	18400000	18450000	0.702973	0.712622	-6.569043	0.502109	-0.872293	-0.045275	1.816072	1.396023	1.090800035972103
chr21	18450000	18500000	0.664348	0.720764	-6.254487	0.519558	-0.847815	-0.042936	1.766214	1.399657	1.0875473418427162
chr21	18500000	18550000	0.605515	0.825377	-6.996467	0.494424	-0.834551	-0.043915	1.843721	1.423096	1.0918717806973408
chr21	18550000	18600000	0.524004	1.077706	-7.176843	0.416624	-0.802476	-0.043913	2.007227	1.460703	1.100230964705975
chr21	18600000	18650000	0.436917	1.420358	-7.121734	0.339003	-0.817596	-0.039464	2.085437	1.51488	1.0976587436643757
chr21	18650000	18700000	0.36273	1.755009	-6.248464	0.285869	-0.789473	-0.031493	1.982447	1.622036	1.096619838086559
chr21	18700000	18750000	0.336383	1.852581	5.460414	0.270684	-0.801294	-0.005061	1.626128	1.797847	1.0847927412570912
chr21	18750000	18800000	0.453577	1.371142	8.20993	0.362076	-0.707716	0.023067	1.947874	2.02146	1.0875473418427162
chr21	18800000	18850000	0.64257	0.800404	7.322875	0.508218	-0.535976	0.032853	1.535768	2.239495	1.0960982067844751
chr21	18850000	18900000	0.72618	0.637169	4.686161	0.556358	-0.479882	0.036677	1.389917	2.322526	1.0929374011335804
chr21	18900000	18950000	0.729939	0.7516	-5.8897	0.527091	-0.534324	0.033342	1.4237	2.247872	1.100741178619054
chr21	18950000	19000000	0.702597	0.963338	-5.137045	0.459324	-0.59618	0.031692	1.657375	2.123183	1.0960982067844751
chr21	19000000	19050000	0.713684	0.988768	5.146478	0.433188	-0.671959	0.018764	1.643947	1.985373	1.0891807806269471
chr21	19050000	19100000	0.725885	0.888092	6.367755	0.487838	-0.692969	0.014067	1.577456	1.926616	1.0864503794507723
chr21	19100000	19150000	0.744842	0.69699	3.185871	0.532625	-0.581843	0.018666	1.460314	1.994325	1.08863788921324
chr21	19150000	19200000	0.716628	0.680902	-6.289272	0.528402	-0.47432	0.027823	1.503133		1.101250000405129
chr21	19200000	19250000	0.632034	0.884101	-7.22496	0.47695	-0.538634	0.02098	1.666121		1.098691893503094
chr21	19250000	19300000	0.486855	1.327107	-7.96389	0.373995	-0.669177	0.010122	1.962747		1.0864503794507723
chr21	19300000	19350000	0.422779	1.5679	-3.902045	0.333135	-0.697994	-0.023607			1.1106628305421697
chr21	19350000	19400000	0.450596	1.422156	6.122413	0.363323	-0.661908	-0.041063			1.1057679807904683
chr21	19400000	19450000	0.495555	1.176705	5.872186	0.400302	-0.697322	-0.046892			1.094524500661329
chr21	19450000	19500000	0.550698	0.951211	5.450172	0.441024	-0.664181	-0.04731			1.0902618449235095
chr21	19500000	19550000	0.58308	0.847847	4.73525	0.46434	-0.660744	-0.046847			1.08863788921324
chr21	19550000	19600000	0.606769	0.802237	4.869102	0.482564	-0.66564	-0.049859			1.080298955885591
chr21	19600000	19650000	0.623533	0.805008	5.408793	0.494107	-0.679174	-0.05112			1.0814325950539145
chr21	19650000	19700000	0.626919	0.803397	5.558991	0.493824	-0.723501	-0.051351			1.0721644483388482
chr21	19700000	19750000	0.618977	0.79905	5.328889	0.48554	-0.746602	-0.052151			1.0745250250349108
chr21	19750000	19800000	0.618537	0.787313	5.463435	0.481861	-0.734769	-0.052172			1.075110529656876
chr21	19800000	19850000	0.62201	0.776716	5.435062	0.480979	-0.749614	-0.051562			1.0721644483388482
chr21	19850000	19900000	0.63157	0.755216	6.05632	0.490922	-0.793805	-0.051674			1.0636588602263521
chr21	19900000	19950000	0.642306	0.716043	5.928556	0.501688	-0.810196	-0.052872			1.0697736070151538
chr21	19950000	20000000	0.653475	0.684391	5.107195	0.509969	-0.80612	-0.052417			1.072757399772926
chr21	20000000	20050000	0.661932	0.671043	4.705375	0.512251	-0.832225	-0.05271			1.070972859179722
chr21	20050000	20100000	0.667356	0.66242	4.635261	0.511039	-0.837592	-0.051995			1.0703741971281702
chr21	20100000	20150000	0.668581	0.668001	4.126017	0.508225	-0.840715	-0.051629			1.0733484718015256
chr21	20150000	20200000	0.672111	0.675563	3.328011	0.505239	-0.866288	-0.052531			1.0636588602263521
chr21	20200000	20250000	0.669265	0.687936	3.275127	0.504736	-0.864379	-0.051497			1.0703741971281702
chr21	20250000	20300000	0.669063	0.682513	2.001431	0.504341	-0.876654	-0.052953			1.0721644483388482
chr21	20300000	20350000	0.670793	0.672423	1.154558	0.506789	-0.880861	-0.051604			1.0673517149368767
chr21	20350000	20400000	0.672683	0.665757	2.336349	0.509222	-0.910323	-0.052779			1.0679601431075987
chr21	20400000	20450000	0.669268	0.664255	-1.267786	0.509111	-0.910281	-0.052094			1.0697736070151538
chr21	20450000	20500000	0.661289	0.687453	-2.385366	0.50224	-0.889183	-0.052139			1.0679601431075987
chr21	20500000	20550000	0.658917	0.685077	-1.066204	0.50562	-0.933396	-0.052426			1.0648979549439834
chr21	20550000	20600000	0.65599	0.690516	-3.074122	0.503445	-0.901171	-0.052605			1.0703741971281702
chr21	20600000	20650000	0.650255	0.697039	-0.671417	0.503513	-0.934996	-0.051235			1.072757399772926
chr21	20650000	20700000	0.648145	0.69941	-2.977318	0.501836	-0.933128	-0.052242			1.0655144284604465
chr21	20700000	20750000	0.645463	0.704164	-0.235417	0.499371	-0.945574	-0.052469			1.0566926385104025
chr21	20750000	20800000	0.63825	0.724757	-1.893985	0.492953	-0.942758	-0.052452			1.0642794367354975
chr21	20800000	20850000	0.639868	0.73021	0.32237	0.491043	-0.943259	-0.051552			1.058618470451092
chr21	20850000	20900000	0.642173	0.718634	-0.589255	0.496867	-0.920439	-0.051796			1.0636588602263521
chr21	20900000	20950000	0.641749	0.719467	0.527312	0.495987	-0.937616	-0.052293			1.0636588602263521
chr21	20950000	21000000	0.650969	0.690711	2.370704	0.503886	-0.954351	-0.053041			1.0598913973656416
chr21	21000000	21050000	0.654171	0.67839	0.801662	0.504984	-0.962355	-0.053886			1.0611556942008735
chr21	21050000	21100000	0.654563	0.682787	-0.524444	0.504131	-0.960036	-0.052245			1.0679601431075987
chr21	21100000	21150000	0.649944	0.703764	-0.753604	0.497387	-0.969001	-0.051518			1.0617846427528903
chr21	21150000	21200000	0.650819	0.700054	2.187397	0.500381	-0.976719	-0.053393			1.0617846427528903
chr21	21200000	21250000	0.650865	0.707098	0.076762	0.498039	-0.934746	-0.052985			1.0673517149368767
chr21	21250000	21300000	0.651953	0.70389	-0.514658	0.498398	-0.982574	-0.052132			1.0611556942008735
chr21	21300000	21350000	0.65235	0.700908	0.004768	0.498081	-0.988886	-0.052308			1.0611556942008735
chr21	21350000	21400000	0.651827	0.686442	-0.837539	0.502174	-0.98057	-0.05351			1.062411477188139
chr21	21400000	21450000	0.653876	0.683783	-2.152562	0.503992	-0.978649	-0.052902			1.0655144284604465
chr21	21450000	21500000	0.653717	0.678895	1.067906	0.507927	-0.973014	-0.053324			1.0605246172233056
chr21	21500000	21550000	0.648269	0.688793	-1.228222	0.503132	-0.974202	-0.052776			1.0667412951810307
chr21	21550000	21600000	0.64684	0.700476	-2.073847	0.500409	-0.967837	-0.051703			1.0573367948293135
chr21	21600000	21650000	0.641728	0.720927	-2.778703	0.493063	-0.968263	-0.053308			1.0605246172233056
chr21	21650000	21700000	0.642944	0.715452	-1.984936	0.495748	-0.982222	-0.053597			1.0598913973656416
chr21	21700000	21750000	0.641419	0.713764	-3.021882	0.49671	-0.987565	-0.051042			1.0566926385104025
chr21	21750000	21800000	0.648869	0.686461	-0.47237	0.501951	-0.972972	-0.052361			1.0648979549439834
chr21	21800000	21850000	0.648	0.680319	-3.099359	0.50494	-0.979114	-0.053089			1.070972859179722
chr21	21850000	21900000	0.648188	0.688982	-3.263296	0.50309	-0.977929	-0.053369			1.0611556942008735
chr21	21900000	21950000	0.642775	0.71137	-3.785971	0.498271	-0.974201	-0.052815			1.0679601431075987
chr21	21950000	22000000	0.643009	0.717748	-0.408162	0.493945	-1.005957	-0.051787			1.0547467105692607
chr21	22000000	22050000	0.641401	0.713606	-3.766754	0.494934	-0.981105	-0.052757			1.0667412951810307
chr21	22050000	22100000	0.637232	0.711017	-3.274851	0.500378	-0.98845	-0.05295			1.0592560200255903
chr21	22100000	22150000	0.627642	0.702162	-3.708145	0.504979	-0.991741	-0.052838			1.0642794367354975
chr21	22150000	22200000	0.619632	0.711342	-4.57095	0.504866	-0.994337	-0.053564			1.0679601431075987
chr21	22200000	22250000	0.605036	0.748083	-4.523448	0.497152	-0.997844	-0.052586			1.0655144284604465
chr21	22250000	22300000	0.582675	0.801848	-4.66981	0.486528	-1.034141	-0.051509			1.058618470451092
chr21	22300000	22350000	0.562393	0.848408	-3.537549	0.473586	-0.990675	-0.052782			1.0592560200255903
chr21	22350000	22400000	0.55562	0.863026	1.657179	0.468388	-1.013208	-0.052993			1.062411477188139
chr21	22400000	22450000	0.559849	0.850258	3.12402	0.464151	-0.99145	-0.052918			1.0553976119941415
chr21	22450000	22500000	0.566682	0.822406	4.036351	0.471095	-1.037189	-0.053537			1.0547467105692607
chr21	22500000	22550000	0.578717	0.7996	4.681567	0.482174	-1.044313	-0.053013			1.052780262798775
chr21	22550000	22600000	0.605221	0.748148	4.900616	0.497254	-1.011269	-0.052826			1.0573367948293135
chr21	22600000	22650000	0.627618	0.694823	4.649481	0.51128	-1.015288	-0.052756			1.0611556942008735
chr21	22650000	22700000	0.642361	0.663916	4.732703	0.517784	-1.029335	-0.05285			1.0553976119941415
chr21	22700000	22750000	0.648753	0.655578	4.044816	0.519881	-1.034772	-0.053854			1.0566926385104025
chr21	22750000	22800000	0.655758	0.655601	4.281126	0.516809	-1.046319	-0.052147			1.0611556942008735
chr21	22800000	22850000	0.658692	0.661416	2.13429	0.514612	-1.029448	-0.051421			1.0592560200255903
chr21	22850000	22900000	0.64816	0.709042	1.532771	0.50278	-1.041411	-0.052362			1.0630362116715966
chr21	22900000	22950000	0.650621	0.706475	3.577109	0.500041	-1.005315	-0.051972			1.0636588602263521
chr21	22950000	23000000	0.661261	0.682228	2.371139	0.506097	-0.980032	-0.052015			1.0655144284604465
chr21	23000000	23050000	0.663151	0.671722	1.828142	0.508073	-0.994459	-0.052527			1.0611556942008735
chr21	23050000	23100000	0.656149	0.675693	-0.02735	0.505557	-1.046029	-0.052525			1.066128870759006
chr21	23100000	23150000	0.656656	0.67493	-0.048063	0.506484	-1.030987	-0.052462			1.0630362116715966
chr21	23150000	23200000	0.643274	0.708134	-2.618809	0.499172	-1.046151	-0.051355			1.0617846427528903
chr21	23200000	23250000	0.638059	0.730225	-0.170085	0.497512	-1.018408	-0.05278			1.0648979549439834
chr21	23250000	23300000	0.6348	0.738866	-3.025216	0.492194	-1.011077	-0.052027			1.0636588602263521
chr21	23300000	23350000	0.629019	0.752182	-2.332742	0.488064	-1.024444	-0.052367			1.0598913973656416
chr21	23350000	23400000	0.631458	0.741071	1.653425	0.490014	-1.042902	-0.053191			1.0566926385104025
chr21	23400000	23450000	0.633838	0.730414	-1.368825	0.493823	-1.033958	-0.051094			1.0553976119941415
chr21	23450000	23500000	0.630654	0.730419	-0.990741	0.492787	-1.011851	-0.052334			1.0636588602263521
chr21	23500000	23550000	0.63577	0.711826	1.430494	0.495444	-1.006873	-0.051181			1.0611556942008735
chr21	23550000	23600000	0.63826	0.707312	-1.153035	0.497619	-1.013584	-0.051353			1.0553976119941415
chr21	23600000	23650000	0.64334	0.699395	-7.6e-05	0.500158	-1.036087	-0.052536			1.0598913973656416
chr21	23650000	23700000	0.643937	0.695613	-1.23324	0.502816	-1.023042	-0.052406			1.0630362116715966
chr21	23700000	23750000	0.643015	0.701049	-3.384707	0.499904	-1.010452	-0.051949			1.062411477188139
chr21	23750000	23800000	0.645858	0.706838	-1.325379	0.499242	-1.050199	-0.051477			1.0514576822982635
chr21	23800000	23850000	0.64992	0.689911	-2.137279	0.502855	-1.00568	-0.052748			1.0642794367354975
chr21	23850000	23900000	0.650719	0.664359	-2.772285	0.511116	-1.006572	-0.05268			1.0598913973656416
chr21	23900000	23950000	0.645736	0.667196	-3.776812	0.51394	-0.994073	-0.051292			1.0547467105692607
chr21	23950000	24000000	0.63013	0.678699	-3.448456	0.514515	-0.993975	-0.052082			1.058618470451092
chr21	24000000	24050000	0.618394	0.696851	-4.070098	0.509368	-0.999206	-0.052338			1.058618470451092
chr21	24050000	24100000	0.597802	0.749909	-4.630035	0.496604	-1.01456	-0.052803			1.0521201450514204
chr21	24100000	24150000	0.581815	0.809102	-5.192317	0.477885	-0.984247	-0.051307			1.0521201450514204
chr21	24150000	24200000	0.567644	0.850274	-3.36116	0.463821	-0.993602	-0.051788			1.0501256547141293
chr21	24200000	24250000	0.567959	0.841554	1.786784	0.465775	-0.943517	-0.052435			1.0611556942008735
chr21	24250000	24300000	0.58253	0.796823	3.58563	0.479498	-0.922213	-0.052286			1.057978733738265
chr21	24300000	24350000	0.59419	0.748548	3.419255	0.494889	-0.928481	-0.053147			1.0573367948293135
chr21	24350000	24400000	0.604341	0.729072	4.048705	0.501688	-0.908053	-0.050625			1.0630362116715966
chr21	24400000	24450000	0.613486	0.714107	3.7365	0.505235	-0.942051	-0.052784			1.0560462494094929
chr21	24450000	24500000	0.628158	0.698615	4.376755	0.503403	-0.954593	-0.052247			1.05343805208363
chr21	24500000	24550000	0.638478	0.689689	3.161992	0.502895	-0.960885	-0.052749			1.0507928578190677
chr21	24550000	24600000	0.647081	0.680919	3.174458	0.503577	-0.937357	-0.05216			1.0605246172233056
chr21	24600000	24650000	0.655641	0.655991	4.284495	0.51016	-0.876824	-0.051583			1.0655144284604465
chr21	24650000	24700000	0.659071	0.639318	2.324558	0.514352	-0.893152	-0.051476			1.0655144284604465
chr21	24700000	24750000	0.66	0.651606	0.785405	0.510479	-0.912996	-0.051642			1.0605246172233056
chr21	24750000	24800000	0.652317	0.672387	1.285258	0.505395	-0.880521	-0.050793			1.0667412951810307
chr21	24800000	24850000	0.648867	0.688285	0.360054	0.504908	-0.876185	-0.050065			1.0611556942008735
chr21	24850000	24900000	0.646492	0.700793	1.698781	0.503062	-0.862115	-0.052349			1.0655144284604465
chr21	24900000	24950000	0.643535	0.708055	2.112923	0.500659	-0.898884	-0.052904			1.0573367948293135
chr21	24950000	25000000	0.642471	0.707534	2.597415	0.503266	-0.873659	-0.052384			1.0560462494094929
chr21	25000000	25050000	0.641569	0.709119	-0.658179	0.505204	-0.887856	-0.053218			1.0655144284604465
chr21	25050000	25100000	0.638382	0.728734	2.042075	0.498957	-0.867932	-0.052872			1.0648979549439834
chr21	25100000	25150000	0.644091	0.71379	0.542595	0.50066	-0.847887	-0.050967			1.062411477188139
chr21	25150000	25200000	0.645614	0.724913	0.197452	0.495855	-0.849863	-0.051685			1.0673517149368767
chr21	25200000	25250000	0.647995	0.710712	2.305472	0.497227	-0.852011	-0.052574			1.0655144284604465
chr21	25250000	25300000	0.64668	0.714529	-0.019337	0.495697	-0.83591	-0.050729			1.0703741971281702
chr21	25300000	25350000	0.647466	0.707992	1.994602	0.500289	-0.844126	-0.05146			1.0673517149368767
chr21	25350000	25400000	0.640854	0.738409	-2.39239	0.490626	-0.842408	-0.052234			1.071569605509434
chr21	25400000	25450000	0.639701	0.751203	2.110974	0.486794	-0.842022	-0.051749			1.0642794367354975
chr21	25450000	25500000	0.638395	0.748725	-0.99867	0.486131	-0.847518	-0.051099			1.0611556942008735
chr21	25500000	25550000	0.646252	0.73012	3.671313	0.492878	-0.821109	-0.051342			1.0655144284604465
chr21	25550000	25600000	0.653854	0.702895	0.016497	0.500289	-0.797371	-0.05103			1.0636588602263521
chr21	25600000	25650000	0.657344	0.693647	2.440331	0.501263	-0.824123	-0.051784			1.0605246172233056
chr21	25650000	25700000	0.660675	0.673036	2.906993	0.507167	-0.806867	-0.049599			1.0667412951810307
chr21	25700000	25750000	0.665634	0.679809	-0.230507	0.503542	-0.825449	-0.051075			1.057978733738265
chr21	25750000	25800000	0.671975	0.669806	2.488647	0.508108	-0.781554	-0.049887			1.0617846427528903
chr21	25800000	25850000	0.669454	0.679075	1.226872	0.504782	-0.783543	-0.051249			1.0673517149368767
chr21	25850000	25900000	0.666552	0.685082	-1.366879	0.503424	-0.7964	-0.050048			1.062411477188139
chr21	25900000	25950000	0.669229	0.689991	0.660553	0.502795	-0.780564	-0.050897			1.066128870759006
chr21	25950000	26000000	0.668824	0.692051	-2.142013	0.504401	-0.769877	-0.049596			1.070972859179722
chr21	26000000	26050000	0.670944	0.691775	-2.988393	0.508172	-0.766661	-0.051101			1.062411477188139
chr21	26050000	26100000	0.680539	0.683744	-2.09478	0.510718	-0.743984	-0.050628			1.0679601431075987
chr21	26100000	26150000	0.687738	0.674533	-3.659442	0.516092	-0.747005	-0.049134			1.0721644483388482
chr21	26150000	26200000	0.689723	0.670064	-4.073399	0.515053	-0.730716	-0.050176			1.070972859179722
chr21	26200000	26250000	0.691552	0.673057	-4.906344	0.513281	-0.741927	-0.050968			1.073937676300856
chr21	26250000	26300000	0.693638	0.686207	-5.180879	0.511134	-0.73042	-0.051292			1.0756942017105173
chr21	26300000	26350000	0.699517	0.678042	-5.693175	0.511685	-0.729179	-0.051964			1.0768560937489657
chr21	26350000	26400000	0.703102	0.672579	-6.079386	0.508917	-0.742949	-0.051962			1.0780107913633512
chr21	26400000	26450000	0.709534	0.658907	-6.296765	0.50871	-0.683676	-0.051024			1.0762760526315467
chr21	26450000	26500000	0.704732	0.650754	-6.287466	0.5193	-0.66898	-0.052138			1.072757399772926
chr21	26500000	26550000	0.684874	0.650505	-6.900012	0.528049	-0.637269	-0.051241			1.0836794061955874
chr21	26550000	26600000	0.626129	0.750215	-7.357046	0.510604	-0.644182	-0.052272			1.085899468949951
chr21	26600000	26650000	0.556641	0.911239	-7.569384	0.475394	-0.61535	-0.052143			1.085899468949951
chr21	26650000	26700000	0.476559	1.104163	-7.764682	0.428836	-0.594184	-0.051717			1.081996840776073
chr21	26700000	26750000	0.386387	1.394041	-7.838023	0.347102	-0.55389	-0.0519			1.0875473418427162
chr21	26750000	26800000	0.307487	1.743139	-7.336409	0.264917	-0.446806	-0.048081			1.1032715168825091
chr21	26800000	26850000	0.259286	1.965236	-4.403292	0.23809	-0.330525	-0.033605	1.09306		1.116839904560463
chr21	26850000	26900000	0.267244	1.945912	5.701731	0.258445	-0.276746	-0.001743	1.49777		1.0929374011335804
chr21	26900000	26950000	0.32199	1.741778	7.130155	0.312888	-0.279459	0.021955	1.773095		1.0611556942008735
chr21	26950000	27000000	0.418508	1.360648	8.462885	0.387369	-0.472509	0.033858	2.155136	1.38024	1.0447003100742662
chr21	27000000	27050000	0.559267	0.954913	7.851872	0.479597	-0.450174	0.033487	1.896334	1.352651	1.0507928578190677
chr21	27050000	27100000	0.613442	0.876212	6.728115	0.488349	-0.406077	0.037967	1.712557	1.360418	1.0481096019013674
chr21	27100000	27150000	0.644883	0.909038	7.119462	0.46104	-0.411391	0.041333	1.709579	1.347816	1.0655144284604465
chr21	27150000	27200000	0.662696	0.945319	6.77723	0.446441	-0.568126	0.039018	1.850996	1.296351	1.042624410319751
chr21	27200000	27250000	0.685942	0.985152	6.8203	0.437779	-0.647522	0.033935	1.967339	1.254738	1.037688842528289
chr21	27250000	27300000	0.722565	0.919112	7.518468	0.444809	-0.635354	0.040528	1.762619	1.260827	1.036254350309424
chr21	27300000	27350000	0.775781	0.736985	6.816829	0.493247	-0.481027	0.043035	1.450057	1.320894	1.070972859179722
chr21	27350000	27400000	0.814222	0.607031	5.881504	0.525764	-0.504271	0.04444	1.346016	1.347142	1.0697736070151538
chr21	27400000	27450000	0.826859	0.58391	3.386723	0.528661	-0.525262	0.043626	1.327849	1.34282	1.0655144284604465
chr21	27450000	27500000	0.819627	0.631477	-3.770971	0.516343	-0.521292	0.045203	1.322213	1.337548	1.0636588602263521
chr21	27500000	27550000	0.767113	0.793965	-6.123421	0.47918	-0.573528	0.045935	1.489276	1.313445	1.0611556942008735
chr21	27550000	27600000	0.714603	0.951997	-1.283349	0.439745	-0.738505	0.037402	1.674599	1.241949	1.0405251415968872
chr21	27600000	27650000	0.726983	0.91117	0.668442	0.446926	-0.798937	0.032331	1.689572	1.17949	1.01652637952663
chr21	27650000	27700000	0.767364	0.798174	-1.470838	0.480988	-0.80699	0.026125	1.646866	1.153089	1.0049706347120442
chr21	27700000	27750000	0.797558	0.701288	-5.162394	0.509802	-0.799476	0.027887	1.665535	1.158227	1.0132971547859957
chr21	27750000	27800000	0.820884	0.645723	-6.254057	0.523246	-0.792779	0.032563	1.774533	1.158187	1.017325023440674
chr21	27800000	27850000	0.808367	0.633441	-6.92005	0.520529	-0.842591	0.027713	1.815553	1.140128	1.0075078584618256
chr21	27850000	27900000	0.763124	0.707868	-7.293354	0.527434	-0.870169	0.027104	1.9351	1.130918	0.9989126473420044
chr21	27900000	27950000	0.68507	0.825797	-7.561212	0.517404	-0.862019	0.024517	2.038207	1.130768	1.0006636749386402
chr21	27950000	28000000	0.592273	0.999896	-7.674999	0.484248	-0.855191	0.016864	2.056326	1.129312	1.0132971547859957
chr21	28000000	28050000	0.490245	1.235728	-7.377578	0.424234	-0.856273	0.003573	1.996636	1.126542	1.0204858290915688
chr21	28050000	28100000	0.382216	1.561297	-7.758874	0.333247	-0.888127	0.005934	2.187106	1.126856	1.01652637952663
chr21	28100000	28150000	0.343677	1.698752	0.709971	0.296157	-0.814383	-0.021498	2.287242	1.126844	1.0481096019013674
chr21	28150000	28200000	0.36424	1.600412	6.430402	0.298742	-0.823038	-0.033204	2.833021	1.099968	1.0617846427528903
chr21	28200000	28250000	0.425772	1.372649	7.517849	0.340975	-0.943649	-0.032864	3.306522	1.05563	1.0369729757416983
chr21	28250000	28300000	0.502621	1.106822	7.957905	0.415751	-0.889697	-0.03433	3.013165	1.052862	1.052780262798775
chr21	28300000	28350000	0.586223	0.877225	7.589787	0.480855	-0.830575	-0.046801	2.652129	1.071802	1.079158383101275
chr21	28350000	28400000	0.64912	0.744308	7.273397	0.515554	-0.803969	-0.045481	2.424157	1.08095	1.070972859179722
chr21	28400000	28450000	0.704136	0.66219	7.283496	0.523209	-0.813694	-0.047939	2.333201	1.085389	1.0780107913633512
chr21	28450000	28500000	0.739399	0.6159	6.72155	0.528991	-0.836596	-0.04836	2.286186	1.08346	1.083120236154732
chr21	28500000	28550000	0.757129	0.610218	6.498472	0.523264	-0.830911	-0.049599	2.14504	1.083202	1.0785854699965813
chr21	28550000	28600000	0.763021	0.610524	6.274172	0.524126	-0.829297	-0.047891	2.054695	1.085928	1.0785854699965813
chr21	28600000	28650000	0.761438	0.603889	5.807698	0.525607	-0.833911	-0.047574	2.005605	1.082296	1.0768560937489657
chr21	28650000	28700000	0.75716	0.604306	5.421573	0.527062	-0.8376	-0.049139	1.970232	1.079308	1.079158383101275
chr21	28700000	28750000	0.750878	0.619348	4.803118	0.524687	-0.843392	-0.047995	1.877607	1.080608	1.0745250250349108
chr21	28750000	28800000	0.743352	0.620694	4.495446	0.524158	-0.842071	-0.046959	1.891669	1.088715	1.084236904574634
chr21	28800000	28850000	0.737366	0.627908	3.743464	0.523831	-0.834366	-0.048173	1.841733	1.096361	1.084236904574634
chr21	28850000	28900000	0.732013	0.640981	2.704682	0.520011	-0.830589	-0.046588	1.815516	1.10087	1.085346926119335
chr21	28900000	28950000	0.725048	0.652163	1.510404	0.514495	-0.876822	-0.047588	1.856505	1.086848	1.079158383101275
chr21	28950000	29000000	0.721201	0.649618	0.509984	0.515417	-0.853357	-0.047575	1.836713	1.089772	1.075110529656876
chr21	29000000	29050000	0.712407	0.665537	-2.228023	0.508215	-0.857877	-0.047086	1.829498	1.100071	1.0745250250349108
chr21	29050000	29100000	0.704431	0.675498	-0.031824	0.506589	-0.871839	-0.045378	1.844565	1.101628	1.0768560937489657
chr21	29100000	29150000	0.705011	0.660968	-0.250234	0.510529	-0.891457	-0.048782	1.837523	1.090862	1.079158383101275
chr21	29150000	29200000	0.706867	0.651241	-2.185415	0.511924	-0.892256	-0.047617	1.843897	1.087051	1.0814325950539145
chr21	29200000	29250000	0.706861	0.657219	-3.626145	0.510193	-0.858384	-0.046215	1.793162	1.090269	1.0785854699965813
chr21	29250000	29300000	0.706733	0.666762	-2.201365	0.50764	-0.844012	-0.038042	1.780093	1.097667	1.0814325950539145
chr21	29300000	29350000	0.709488	0.66801	-3.886838	0.50969	-0.859155	-0.043781	1.802201	1.099732	1.0774343362863898
chr21	29350000	29400000	0.714131	0.676133	-3.478125	0.509059	-0.873311	-0.039282	1.882544	1.102379	1.0745250250349108
chr21	29400000	29450000	0.718592	0.665955	-4.274595	0.51354	-0.902124	-0.043132	1.974263	1.096731	1.0733484718015256
chr21	29450000	29500000	0.716448	0.662502	-3.95186	0.516145	-0.879573	-0.044751	1.967267	1.100471	1.075110529656876
chr21	29500000	29550000	0.728799	0.639681	-4.19219	0.522617	-0.867073	-0.046634	1.959373	1.104267	1.080298955885591
chr21	29550000	29600000	0.734587	0.633451	-4.896694	0.523674	-0.874682	-0.046015	2.017215	1.11885	1.0847927412570912
chr21	29600000	29650000	0.73993	0.629925	-5.663366	0.523744	-0.850332	-0.044563	2.061566	1.129482	1.0836794061955874
chr21	29650000	29700000	0.744162	0.648618	-6.327665	0.519683	-0.859856	-0.046751	2.150225	1.121115	1.0902618449235095
chr21	29700000	29750000	0.748092	0.659521	-5.992647	0.515892	-0.870567	-0.044236	2.24451	1.113258	1.085899468949951
chr21	29750000	29800000	0.755682	0.644418	-6.476147	0.517991	-0.854725	-0.045855	2.237597	1.11023	1.0814325950539145
chr21	29800000	29850000	0.74075	0.637913	-6.719748	0.516446	-0.866721	-0.046302	2.335592	1.105195	1.0814325950539145
chr21	29850000	29900000	0.700292	0.680717	-6.915936	0.516408	-0.871969	-0.045075	2.401079	1.101017	1.0847927412570912
chr21	29900000	29950000	0.649546	0.770509	-7.184615	0.498679	-0.848955	-0.044309	2.458574	1.099064	1.0836794061955874
chr21	29950000	30000000	0.582847	0.928245	-7.47443	0.456799	-0.856807	-0.043872	2.648447	1.100113	1.0880934127128643
chr21	30000000	30050000	0.495738	1.19908	-7.787105	0.38237	-0.862341	-0.039367	2.797809	1.101872	1.0745250250349108
chr21	30050000	30100000	0.392179	1.533419	-7.554714	0.302359	-0.909086	-0.026758	2.955812	1.118586	1.054093529274841
chr21	30100000	30150000	0.330915	1.761951	-4.971587	0.262828	-0.885655	-0.002769	0.882617	1.183896	1.0189121229684228
chr21	30150000	30200000	0.348547	1.639131	5.509483	0.288663	-0.712634	0.018015	1.144361	1.245186	1.0100110244873044
chr21	30200000	30250000	0.387959	1.474016	5.906716	0.332878	-0.601265	0.030897	1.277627	1.279718	1.0258915139276181
chr21	30250000	30300000	0.419	1.363012	5.75259	0.361428	-0.579897	0.039121	1.258503	1.282156	1.026651120146543
chr21	30300000	30350000	0.446281	1.337252	4.628675	0.37418	-0.57099	0.042892	1.259798	1.279865	1.0405251415968872
chr21	30350000	30400000	0.503108	1.30286	6.031446	0.386806	-0.417415	0.048165	1.200755	1.270454	1.052780262798775
chr21	30400000	30450000	0.55632	1.292982	5.354403	0.399762	-0.522496	0.048274	1.371954	1.218422	1.0369729757416983
chr21	30450000	30500000	0.653411	1.058991	8.059404	0.437726	-0.779154	0.042987	1.705829	1.153036	1.0189121229684228
chr21	30500000	30550000	0.790471	0.69466	7.290879	0.518051	-0.766447	0.041622	1.540337	1.142145	1.0083459860250095
chr21	30550000	30600000	0.884187	0.45572	6.336258	0.559231	-0.616495	0.044416	1.28408	1.179744	1.037688842528289
chr21	30600000	30650000	0.900086	0.388691	-3.462227	0.584244	-0.62113	0.041378	1.234098	1.184268	1.0289115486578886
chr21	30650000	30700000	0.81954	0.572483	-7.124265	0.547615	-0.648759	0.044988	1.468915	1.154696	1.02282176446452
chr21	30700000	30750000	0.663243	0.966475	-7.764446	0.460122	-0.784334	0.041547	1.851897	1.127935	0.9989126473420044
chr21	30750000	30800000	0.556371	1.304975	-6.46716	0.392818	-0.726734	0.032811	1.65092	1.145379	1.0066659470141994
chr21	30800000	30850000	0.469533	1.497228	-5.675223	0.332326	-0.699571	0.02947	1.491366	1.157124	1.0108380017578662
chr21	30850000	30900000	0.43858	1.520699	-0.000305	0.309721	-0.788014	0.017063	1.698342	1.14252	1.0258915139276181
chr21	30900000	30950000	0.480492	1.345846	5.413493	0.354874	-0.795588	-0.001838	1.846191	1.140719	1.0304034211657962
chr21	30950000	31000000	0.531848	1.178646	5.819895	0.403283	-0.800333	-0.01104	1.863795	1.151409	1.042624410319751
chr21	31000000	31050000	0.58393	1.047666	6.178984	0.430604	-0.83227	-0.022183	1.861551	1.149601	1.052780262798775
chr21	31050000	31100000	0.63226	0.946934	6.51219	0.444025	-0.834239	-0.030865	1.880464	1.162642	1.071569605509434
chr21	31100000	31150000	0.67591	0.861899	6.694723	0.459454	-0.792727	-0.036372	1.853642	1.185339	1.0875473418427162
chr21	31150000	31200000	0.709324	0.810028	6.400398	0.480279	-0.809192	-0.038282	1.817894	1.196812	1.0864503794507723
chr21	31200000	31250000	0.713484	0.809351	5.522011	0.483553	-0.816611	-0.037333	1.791106	1.206436	1.0891807806269471
chr21	31250000	31300000	0.717956	0.81239	6.057278	0.484342	-0.763134	-0.039296	1.744207	1.22405	1.0880934127128643
chr21	31300000	31350000	0.731479	0.791359	6.131718	0.486965	-0.730964	-0.0405	1.707927	1.233039	1.0897220961562504
chr21	31350000	31400000	0.744466	0.750288	6.396814	0.494867	-0.751987	-0.04045	1.741237	1.22872	1.090800035972103
chr21	31400000	31450000	0.750808	0.717708	6.027752	0.498827	-0.772037	-0.038476	1.765353	1.237398	1.0902618449235095
chr21	31450000	31500000	0.763227	0.685768	5.678268	0.501951	-0.709213	-0.039618	1.659428	1.263621	1.094524500661329
chr21	31500000	31550000	0.774974	0.660472	5.433684	0.511607	-0.699839	-0.039072	1.605146	1.276629	1.0997193510273202
chr21	31550000	31600000	0.782744	0.64798	4.405589	0.51643	-0.722515	-0.037569	1.620687	1.270688	1.095575112279067
chr21	31600000	31650000	0.783499	0.64968	3.080518	0.515381	-0.68902	-0.036026	1.593222	1.273693	1.095575112279067
chr21	31650000	31700000	0.788865	0.646739	3.371948	0.513914	-0.712224	-0.037972	1.631796	1.270612	1.0997193510273202
chr21	31700000	31750000	0.798813	0.630822	2.08506	0.520129	-0.734441	-0.039993	1.63748	1.253794	1.0934679365380795
chr21	31750000	31800000	0.799003	0.634787	-3.307731	0.521162	-0.735347	-0.039396	1.656373	1.248981	1.091336678267337
chr21	31800000	31850000	0.807255	0.63357	-4.659062	0.52195	-0.715026	-0.037841	1.639408	1.265649	1.095575112279067
chr21	31850000	31900000	0.813323	0.627119	-5.212246	0.522245	-0.67081	-0.034477	1.636151	1.288914	1.1032715168825091
chr21	31900000	31950000	0.816943	0.613246	-5.593408	0.521756	-0.658272	-0.040143	1.648756	1.293915	1.09399696687558
chr21	31950000	32000000	0.817318	0.61123	-6.184603	0.521753	-0.663963	-0.040476	1.721402	1.296466	1.094524500661329
chr21	32000000	32050000	0.808793	0.627441	-6.527277	0.518345	-0.661573	-0.038573	1.728596	1.297732	1.0971400143482537
chr21	32050000	32100000	0.778662	0.699273	-7.152573	0.50186	-0.661593	-0.038453	1.80236	1.293011	1.0918717806973408
chr21	32100000	32150000	0.737749	0.802953	-7.372579	0.479607	-0.654977	-0.037956	1.913871	1.287515	1.096619838086559
chr21	32150000	32200000	0.682017	0.887337	-7.126134	0.45477	-0.706163	-0.034994	1.994293	1.261566	1.0864503794507723
chr21	32200000	32250000	0.636654	0.942528	-6.504411	0.45121	-0.726424	-0.027515	1.990483	1.236638	1.0733484718015256
chr21	32250000	32300000	0.590865	1.000845	-7.172776	0.442057	-0.740883	-0.02451	2.079443	1.226274	1.0655144284604465
chr21	32300000	32350000	0.527477	1.149741	-7.065656	0.404562	-0.718924	-0.013008	2.056293	1.216273	1.0598913973656416
chr21	32350000	32400000	0.450047	1.388612	-6.723636	0.33987	-0.741567	-0.000366	1.924216	1.194462	1.0467533554222912
chr21	32400000	32450000	0.342417	1.803733	-6.774776	0.253604	-0.791504	0.011006	1.971771	1.167198	1.0258915139276181
chr21	32450000	32500000	0.307691	1.976416	7.0443	0.223489	-0.881248	0.031472	1.986692	1.125766	0.9962548864094969
chr21	32500000	32550000	0.382556	1.745706	7.500366	0.28444	-0.799302	0.041416	2.10389	1.082958	1.0006636749386402
chr21	32550000	32600000	0.496532	1.384515	8.361754	0.372618	-0.960332	0.046475	2.464585	1.032452	0.9842790196727352
chr21	32600000	32650000	0.706925	0.899358	7.612145	0.502695	-0.788092	0.04693	1.834994	1.033621	1.012481035019958
chr21	32650000	32700000	0.889272	0.559915	6.982485	0.583674	-0.780298	0.049397	1.679164	1.037015	1.0132971547859957
chr21	32700000	32750000	0.975287	0.393773	6.149996	0.599414	-0.783834	0.050361	1.65218	1.032446	1.0149187569075822
chr21	32750000	32800000	1.013366	0.354656	4.458059	0.589132	-0.795677	0.047754	1.541523	1.023667	1.0015330614498756
chr21	32800000	32850000	0.941515	0.45511	-5.057139	0.583433	-0.858059	0.046808	1.731559	1.007746	0.9917393372439705
chr21	32850000	32900000	0.825661	0.676483	-6.326778	0.555674	-0.891661	0.046144	1.865736	0.995439	0.9899020507675402
chr21	32900000	32950000	0.662187	1.00084	-7.534287	0.467453	-0.932416	0.046317	2.141247	0.981939	0.9804338717165865
chr21	32950000	33000000	0.513546	1.379873	-7.928344	0.366893	-1.048803	0.042926	2.619402	0.989471	0.9724972242084611
chr21	33000000	33050000	0.442185	1.585127	-4.747931	0.311843	-0.857709	0.047097	1.813741	1.041421	1.0132971547859957
chr21	33050000	33100000	0.425044	1.639635	3.005982	0.282515	-0.823438	0.047854	1.2041	1.069627	1.01652637952663
chr21	33100000	33150000	0.427967	1.633056	6.554409	0.303832	-0.894935	0.046144	1.692222	1.048748	1.0197006360624776
chr21	33150000	33200000	0.509382	1.400914	7.596518	0.373003	-0.981313	0.037923	2.020284	1.001114	0.9804338717165865
chr21	33200000	33250000	0.623203	1.116535	7.184955	0.457346	-1.033618	0.036386	2.026113	0.968419	0.9794600675773442
chr21	33250000	33300000	0.746769	0.902826	6.808213	0.509262	-1.029699	0.036708	1.877913	0.950012	0.970459137595366
chr21	33300000	33350000	0.889475	0.658185	6.706517	0.553167	-1.031798	0.033223	1.834966	0.935865	0.9599205671949929
chr21	33350000	33400000	0.96381	0.479336	5.187672	0.569236	-1.061232	0.030418	1.785879	0.923485	0.9405133935831995
chr21	33400000	33450000	0.969215	0.479318	0.792366	0.565414	-1.048297	0.029726	1.782716	0.921889	0.9417126457477677
chr21	33450000	33500000	0.903667	0.590053	-4.416393	0.563266	-1.087898	0.034737	1.906215	0.919305	0.9368686573270517
chr21	33500000	33550000	0.807466	0.768596	-6.145011	0.530487	-1.035219	0.032492	1.939988	0.934402	0.9498981696693206
chr21	33550000	33600000	0.664966	1.10233	-7.501213	0.434643	-1.024968	0.027276	2.220567	0.943364	0.957739453805947
chr21	33600000	33650000	0.517856	1.53531	-7.618826	0.314115	-1.116281	0.041881	1.138919	0.921407	0.9544191927636332
chr21	33650000	33700000	0.522486	1.54163	5.396324	0.300767	-1.043509	0.04952	1.665342	0.899696	0.9997902163445821
chr21	33700000	33750000	0.604723	1.240381	5.723312	0.373773	-1.064298	0.050065	1.773059	0.874788	0.9842790196727352
chr21	33750000	33800000	0.698269	0.9261	7.211863	0.445519	-1.135453	0.05008	1.972041	0.861306	0.9735079750238022
chr21	33800000	33850000	0.833739	0.603911	6.077816	0.533431	-0.960252	0.05101	1.450586	0.883147	1.0015330614498756
chr21	33850000	33900000	0.866527	0.535123	-1.171245	0.556333	-0.95318	0.050174	1.458937		0.99803092906158
chr21	33900000	33950000	0.806708	0.706799	-6.88623	0.502445	-1.053118	0.048321	1.776158		0.9652642872293746
chr21	33950000	34000000	0.669335	1.089154	-6.887819	0.413678	-1.247675	0.05199	2.291742		0.9532991709649824
chr21	34000000	34050000	0.638362	1.16837	6.590702	0.411328	-1.183981	0.043554			0.9652642872293746
chr21	34050000	34100000	0.676193	1.05496	4.78582	0.427285	-1.129158	0.050555			0.974513277021223
chr21	34100000	34150000	0.662972	1.06626	0.042524	0.421045	-1.118639	0.05036			0.9620764648353827
chr21	34150000	34200000	0.643225	1.15447	5.070677	0.420706	-1.217393	0.049295	2.024066		0.9510387424536367
chr21	34200000	34250000	0.708531	1.033425	7.391115	0.451039	-1.331241	0.043251	2.258868		0.8958685874941934
chr21	34250000	34300000	0.830964	0.79706	6.222251	0.5017	-1.279246	0.044618	1.971916		0.9133641968877968
chr21	34300000	34350000	0.903748	0.632272	6.199092	0.520962	-1.301349	0.036295	1.929162	0.791555	0.8973909067145887
chr21	34350000	34400000	0.949729	0.487269	5.930411	0.553509	-1.302774	0.045058	1.752339	0.78092	0.9033588742208009
chr21	34400000	34450000	0.988314	0.442795	-3.943771	0.565629	-1.233534	0.047475	1.520608	0.773669	0.9280765813973592
chr21	34450000	34500000	0.940794	0.608777	-6.529487	0.521595	-1.30863	0.04742	1.707823	0.753182	0.9201958424697462
chr21	34500000	34550000	0.849528	0.862279	-6.811706	0.463423	-1.4525	0.046563	1.987545	0.719124	0.8306603537630386
chr21	34550000	34600000	0.772806	0.950716	-2.845978	0.459079	-1.487517	0.048244	2.156268	0.722041	0.8782476450298713
chr21	34600000	34650000	0.813791	0.834248	2.755572	0.490395	-1.232587	0.049942	1.650182	0.767765	0.9555325278251369
chr21	34650000	34700000	0.811943	0.775696	-5.729954	0.489395	-1.227456	0.048902	1.61136	0.782431	0.9343986467943979
chr21	34700000	34750000	0.763067	0.79894	-6.21965	0.479324	-1.30428	0.047595	1.796603	0.768496	0.9174931419903368
chr21	34750000	34800000	0.715402	0.90072	-6.890673	0.457089	-1.299026	0.050221	1.859251	0.750221	0.9393063792146759
chr21	34800000	34850000	0.627693	1.15977	-7.673875	0.392345	-1.375914	0.050257	2.099393	0.743581	0.9133641968877968
chr21	34850000	34900000	0.606947	1.257291	0.819473	0.376003	-1.194381	0.04895	1.448989	0.769338	0.957739453805947
chr21	34900000	34950000	0.60222	1.241885	-2.623618	0.375558	-1.191976	0.048503	1.444369	0.783309	0.9784811515819346
chr21	34950000	35000000	0.611058	1.210189	1.48066	0.392162	-1.284039	0.047946	1.659135	0.776355	0.9631451386419964
chr21	35000000	35050000	0.655181	1.040169	6.176163	0.414639	-1.236834	0.049373	1.710533	0.787753	0.9642077231061252
chr21	35050000	35100000	0.711565	0.861023	5.442493	0.461549	-1.20116	0.050574	1.56548	0.80075	0.9683985302324214
chr21	35100000	35150000	0.728996	0.835455	2.63856	0.465299	-1.247528	0.04861	1.574136	0.802828	0.9588331992809102
chr21	35150000	35200000	0.717279	0.921082	-2.430644	0.449931	-1.298149	0.049561	1.612459	0.788549	0.9652642872293746
chr21	35200000	35250000	0.657692	1.092799	-4.805832	0.401739	-1.383318	0.051331	1.750499	0.755703	0.9566392555179968
chr21	35250000	35300000	0.594266	1.311946	3.738761	0.353149	-1.544729	0.050432	2.235197	0.742005	0.9048214940236801
chr21	35300000	35350000	0.676909	1.140759	7.792019	0.390814	-1.380047	0.04847	2.289573	0.779137	0.9280765813973592
chr21	35350000	35400000	0.806042	0.834047	6.689847	0.48562	-1.296493	0.041594	1.893405	0.818479	0.9393063792146759
chr21	35400000	35450000	0.900226	0.634468	3.199735	0.546846	-1.326718	0.046524	1.779171	0.825193	0.9417126457477677
chr21	35450000	35500000	0.924646	0.532856	3.722101	0.552276	-1.311032	0.045417	1.842717	0.82346	0.9356377415120292
chr21	35500000	35550000	0.936726	0.485578	-0.229132	0.555952	-1.332274	0.04169	1.755125	0.816995	0.8896519095364684
chr21	35550000	35600000	0.894134	0.589229	-5.728382	0.543129	-1.339999	0.038979	1.952111	0.827025	0.892786152539515
chr21	35600000	35650000	0.804352	0.825014	-6.416424	0.488916	-1.340829	0.036986	2.029585	0.834694	0.8912256156596146
chr21	35650000	35700000	0.698593	1.109587	-7.452077	0.401243	-1.363629	0.034532	2.115574	0.814502	0.8864640871424763
chr21	35700000	35750000	0.614105	1.330534	-6.809929	0.355009	-1.553351	0.045723	1.561616	0.780787	0.8799201501322305
chr21	35750000	35800000	0.643583	1.194461	6.268917	0.385703	-1.4821	0.045927	2.084035	0.787013	0.922859931619466
chr21	35800000	35850000	0.728193	0.850445	6.489245	0.482443	-1.47716	0.042049	2.022849	0.801518	0.8880648100087197
chr21	35850000	35900000	0.796429	0.617196	0.163378	0.544678	-1.39157	0.043861	1.634677	0.821449	0.9267860359775385
chr21	35900000	35950000	0.772666	0.666853	-6.249091	0.524905	-1.368327	0.036653	1.624267	0.81964	0.9318954807689193
chr21	35950000	36000000	0.64462	0.991854	-7.67396	0.440539	-1.507078	0.048339	2.073466	0.784788	0.8782476450298713
chr21	36000000	36050000	0.519535	1.412272	-5.998989	0.354755	-1.576816	0.04147	2.011719	0.766981	0.8714034615066859
chr21	36050000	36100000	0.505849	1.500041	7.438859	0.339047	-1.630953	0.036154	2.106344	0.749478	0.8531061426134042
chr21	36100000	36150000	0.572195	1.249677	8.115352	0.380772	-1.657317	0.040018	2.245232	0.734424	0.8240389575330281
chr21	36150000	36200000	0.673691	0.911339	7.492608	0.455503	-1.505527	0.042049	1.849453	0.747828	0.9147506944933735
chr21	36200000	36250000	0.716341	0.802352	6.329928	0.507041	-1.472414	0.046257	1.741537	0.746814	0.9215326443871134
chr21	36250000	36300000	0.742941	0.769315	7.809393	0.510936	-1.654878	0.040857	2.088472	0.72028	0.8124524323158133
chr21	36300000	36350000	0.827266	0.665557	7.364999	0.528199	-1.535776	0.043794	1.783202	0.719529	0.8370546854151583
chr21	36350000	36400000	0.86687	0.655647	6.642072	0.526804	-1.568318	0.042285	1.774993	0.722721	0.8284792403739928
chr21	36400000	36450000	0.889797	0.641635	6.877813	0.527801	-1.601752	0.030335	1.864614	0.727224	0.8076084438950973
chr21	36450000	36500000	0.953599	0.503331	6.535417	0.559515	-1.495189	0.042185	1.750281	0.748389	0.8550188062407811
chr21	36500000	36550000	0.985405	0.392611	5.516472	0.574678	-1.474967	0.0393	1.745111	0.768365	0.876560003929054
chr21	36550000	36600000	0.986864	0.391389	-0.820837	0.589615	-1.439449	0.045234	1.82758	0.773347	0.892786152539515
chr21	36600000	36650000	0.92895	0.494603	-5.318098	0.563163	-1.450813	0.046951	1.920296	0.764461	0.8848495050313897
chr21	36650000	36700000	0.843311	0.670347	-5.969365	0.517606	-1.476665	0.044347	2.098897	0.755882	0.876560003929054
chr21	36700000	36750000	0.746535	0.904447	-6.708982	0.456102	-1.528385	0.04033	2.378959	0.738538	0.8262723143931825
chr21	36750000	36800000	0.653454	1.119973	-6.243934	0.399768	-1.696533	0.034022	2.048317	0.73061	0.7812996739351231
chr21	36800000	36850000	0.665833	1.082709	2.517728	0.406235	-1.524481	0.03106	2.116334	0.753686	0.8328162514034284
chr21	36850000	36900000	0.732242	0.911209	0.761544	0.464725	-1.519161	0.032239	1.956283	0.7704	0.8051384333624436
chr21	36900000	36950000	0.814549	0.725138	0.392923	0.517882	-1.459912	0.026123	1.900673	0.793209	0.8240389575330281
chr21	36950000	37000000	0.881578	0.593802	-3.760479	0.543504	-1.481715	0.030622	1.813105	0.804002	0.8472475539265596
chr21	37000000	37050000	0.938982	0.493346	-4.314595	0.55793	-1.441615	0.032317	1.723093	0.81022	0.8492209381499802
chr21	37050000	37100000	0.969093	0.462721	-5.205288	0.562007	-1.418407	0.036253	1.641647	0.816029	0.8678848086480654
chr21	37100000	37150000	0.944466	0.514214	-6.773947	0.55827	-1.389832	0.036854	1.600816	0.816083	0.8696524339100501
chr21	37150000	37200000	0.867165	0.657808	-7.50823	0.524001	-1.493865	0.035685	1.786761	0.792341	0.8511736582846321
chr21	37200000	37250000	0.772518	0.782137	-7.586981	0.513196	-1.599043	0.033282	1.960985	0.777979	0.8124524323158133
chr21	37250000	37300000	0.709316	0.899542	-7.457367	0.481533	-1.464922	0.035928	1.809009	0.806144	0.8782476450298713
chr21	37300000	37350000	0.630693	1.061326	-7.71524	0.42966	-1.50603	0.031387	1.96529	0.829352	0.8714034615066859
chr21	37350000	37400000	0.552792	1.288457	-7.673927	0.359205	-1.436713	0.038205	1.939509	0.838344	0.892786152539515
chr21	37400000	37450000	0.499682	1.451147	-6.191399	0.337103	-1.374087	0.044122	1.656861	0.855355	0.9380915015049225
chr21	37450000	37500000	0.466402	1.553023	-5.281317	0.323374	-1.30815	0.045186	1.35562	0.876039	0.9814026171102155
chr21	37500000	37550000	0.535232	1.293867	7.927442	0.360857	-1.254855	0.050468	2.099691	0.87264	0.9724972242084611
chr21	37550000	37600000	0.671485	0.895415	6.147103	0.464084	-1.183216	0.049594	1.709599	0.878032	0.9784811515819346
chr21	37600000	37650000	0.723065	0.791671	4.962017	0.488248	-1.131879	0.029689	1.580795	0.902364	0.9735079750238022
chr21	37650000	37700000	0.711204	0.889615	-5.317974	0.470441	-1.142443	0.047183	1.724579	0.902949	0.9804338717165865
chr21	37700000	37750000	0.652573	1.111628	-4.47573	0.403517	-1.156206	0.040745	1.852205	0.900777	0.9794600675773442
chr21	37750000	37800000	0.613512	1.247773	5.32294	0.367514	-1.184962	0.042826	1.745415	0.896834	0.987111728351189
chr21	37800000	37850000	0.646744	1.189405	6.949044	0.389998	-1.164399	0.048707	1.854862	0.899654	0.9833251400026506
chr21	37850000	37900000	0.699216	0.987633	6.864249	0.432551	-1.2295	0.04359	1.997486	0.907568	0.9683985302324214
chr21	37900000	37950000	0.759378	0.886817	4.701489	0.478682	-1.167266	0.040247	1.731452	0.914171	0.9694316800711398
chr21	37950000	38000000	0.790704	0.858634	3.590582	0.494977	-1.239901	0.043825	1.902656	0.893108	0.9555325278251369
chr21	38000000	38050000	0.85353	0.742326	6.38544	0.498452	-1.256397	0.040034	2.010937	0.884466	0.9532991709649824
chr21	38050000	38100000	0.918013	0.593033	5.111977	0.539316	-1.146196	0.048331	1.738349	0.889695	0.9755131886335094
chr21	38100000	38150000	0.926512	0.556592	1.255982	0.558839	-1.127942	0.048388	1.674966	0.898904	0.9784811515819346
chr21	38150000	38200000	0.903447	0.577913	-5.414869	0.551402	-1.079843	0.044038	1.672423	0.915258	0.9917393372439705
chr21	38200000	38250000	0.793214	0.773435	-7.344626	0.495269	-1.16016	0.042343	2.015197	0.912249	0.9714809651870998
chr21	38250000	38300000	0.660134	1.109985	-7.697455	0.415445	-1.188104	0.039132	2.337882	0.907299	0.9620764648353827
chr21	38300000	38350000	0.562095	1.358224	-5.890218	0.363699	-1.158926	0.047449	1.444856	0.92333	0.9755131886335094
chr21	38350000	38400000	0.584913	1.232452	5.39084	0.388586	-1.019603	0.047996	1.603152	0.963858	0.99803092906158
chr21	38400000	38450000	0.617659	1.130602	-4.269735	0.399418	-0.93275	0.046809	1.466788	1.001303	1.0100110244873044
chr21	38450000	38500000	0.618796	1.122216	-0.892792	0.415646	-1.019075	0.045989	1.615207	0.9946	0.9880464825334458
chr21	38500000	38550000	0.660098	1.04568	4.483761	0.43909	-1.05679	0.045487	1.734466	0.983894	0.9823663560453586
chr21	38550000	38600000	0.722644	0.920739	5.494894	0.462122	-1.06173	0.041236	1.782277	1.002108	0.9852280449723468
chr21	38600000	38650000	0.807453	0.759599	4.828073	0.485636	-0.979886	0.043796	1.639016	1.032235	0.9935586986885321
chr21	38650000	38700000	0.872779	0.611199	1.885101	0.527527	-0.908105	0.042123	1.402356	1.051368	1.0015330614498756
chr21	38700000	38750000	0.863205	0.600389	-6.351955	0.523423	-0.92474	0.04264	1.449453	1.049065	0.9852280449723468
chr21	38750000	38800000	0.806495	0.716748	-6.863149	0.513008	-0.914123	0.044548	1.541205	1.051045	1.0058202173610082
chr21	38800000	38850000	0.715946	0.889211	-7.021951	0.483314	-0.920822	0.043784	1.654965	1.077324	1.01652637952663
chr21	38850000	38900000	0.603896	1.131778	-7.152735	0.428571	-0.956588	0.040085	1.707969	1.118676	1.0006636749386402
chr21	38900000	38950000	0.494852	1.392001	-6.950744	0.358056	-0.913234	0.036196	1.698374	1.177358	1.0108380017578662
chr21	38950000	39000000	0.421424	1.586815	-5.212776	0.300034	-0.912179	0.032215	1.546027	1.24254	0.99803092906158
chr21	39000000	39050000	0.359126	1.797836	-4.772089	0.257159	-0.965779	0.029844	1.344464	1.289852	0.9953604814868156
chr21	39050000	39100000	0.360784	1.830775	7.413423	0.258216	-1.000717	0.019325	2.124426	1.339034	0.9953604814868156
chr21	39100000	39150000	0.444325	1.587862	7.903483	0.322146	-1.00566	0.008861	2.181132	1.37873	1.0108380017578662
chr21	39150000	39200000	0.549022	1.314729	8.025596	0.395455	-0.993228	-0.005318	2.218861	1.459445	1.0467533554222912
chr21	39200000	39250000	0.680669	1.017991	7.886492	0.468655	-0.974387	-0.014149	2.103442	1.570903	1.0655144284604465
chr21	39250000	39300000	0.807622	0.775943	7.412883	0.519803	-0.977362	-0.021167	1.990376	1.635304	1.073937676300856
chr21	39300000	39350000	0.913231	0.609957	6.830177	0.549645	-0.9523	-0.020291	1.851809	1.682656	1.08863788921324
chr21	39350000	39400000	0.995856	0.5212	5.572712	0.556498	-0.95395	-0.023971	1.789424	1.731539	1.085346926119335
chr21	39400000	39450000	1.024355	0.500258	1.117513	0.549668	-0.954339	-0.019004	1.780029	1.773436	1.0814325950539145
chr21	39450000	39500000	0.995547	0.551047	-4.514833	0.54931	-0.945392	-0.02274	1.802426	1.760947	1.0924053520739505
chr21	39500000	39550000	0.931475	0.64218	-5.353034	0.538603	-0.994689	-0.02331	1.918338	1.719635	1.0902618449235095
chr21	39550000	39600000	0.859071	0.721001	-5.878878	0.530302	-1.001828	-0.022732	1.931337	1.698917	1.091336678267337
chr21	39600000	39650000	0.77265	0.844326	-6.916208	0.501253	-0.990038	-0.022381	2.015573	1.694895	1.0918717806973408
chr21	39650000	39700000	0.667656	1.071329	-7.725104	0.431992	-1.046714	-0.017004	2.236449	1.631094	1.0780107913633512
chr21	39700000	39750000	0.563894	1.324776	-7.614443	0.362002	-1.14139	-0.00803	2.480099	1.545897	1.0487840441153653
chr21	39750000	39800000	0.520018	1.433171	-5.509829	0.331128	-1.06658	-0.001372	2.015369	1.515761	1.052780262798775
chr21	39800000	39850000	0.501155	1.428198	-3.300353	0.331142	-1.115503	0.006142	1.558731	1.427846	1.0235939521885706
chr21	39850000	39900000	0.524697	1.307537	6.77757	0.358765	-1.202672	0.016312	2.126575	1.339194	0.9755131886335094
chr21	39900000	39950000	0.591359	1.097049	6.494377	0.400841	-1.14366	0.017674	1.895401	1.291253	0.976507767358514
chr21	39950000	40000000	0.620369	1.063754	5.041434	0.425702	-1.155452	0.021817	1.86786	1.257571	0.9694316800711398
chr21	40000000	40050000	0.634998	1.099548	5.699844	0.415331	-1.163282	0.023462	1.977568	1.236803	0.9784811515819346
chr21	40050000	40100000	0.672473	1.077601	6.549512	0.418059	-1.212494	0.027089	2.139266	1.198019	0.9588331992809102
chr21	40100000	40150000	0.796793	0.840185	7.978878	0.469315	-1.132986	0.035694	1.901594	1.175557	0.9735079750238022
chr21	40150000	40200000	0.950109	0.559807	7.013485	0.546862	-1.00926	0.035655	1.548695	1.215401	1.0015330614498756
chr21	40200000	40250000	1.020055	0.383232	5.814434	0.589834	-1.02624	0.029035	1.579644	1.261865	0.9926512367085196
chr21	40250000	40300000	1.006468	0.328108	-2.97882	0.591301	-1.058063	0.031743	1.632312	1.250907	0.9926512367085196
chr21	40300000	40350000	0.957839	0.411375	-4.306861	0.595162	-1.118052	0.030218	1.759101	1.203956	0.9735079750238022
chr21	40350000	40400000	0.884012	0.567147	-6.389059	0.565866	-1.137192	0.03078	1.919298	1.196241	0.970459137595366
chr21	40400000	40450000	0.77928	0.821946	-7.471054	0.495407	-1.158104	0.023325	2.16188	1.202396	0.9652642872293746
chr21	40450000	40500000	0.643574	1.148968	-8.184354	0.391365	-1.238893	0.028925	2.713754	1.179405	0.9566392555179968
chr21	40500000	40550000	0.543844	1.405947	-7.817708	0.330792	-1.227729	0.031843	1.294332	1.200624	0.9673596246546047
chr21	40550000	40600000	0.561985	1.254241	4.918372	0.371625	-0.97196	0.036457	1.776307	1.263916	1.0075078584618256
chr21	40600000	40650000	0.645484	0.946723	2.055354	0.443588	-0.87181	0.037672	1.577639	1.300925	1.0149187569075822
chr21	40650000	40700000	0.677865	0.829391	-4.9616	0.470226	-0.848376	0.038813	1.580663	1.315266	1.0189121229684228
chr21	40700000	40750000	0.666202	0.910784	-6.888884	0.464881	-0.812456	0.040985	1.553917	1.332974	1.02282176446452
chr21	40750000	40800000	0.587622	1.223929	-7.445518	0.399555	-0.9308	0.034433	1.781386	1.376944	1.0075078584618256
chr21	40800000	40850000	0.526609	1.461891	-6.443302	0.330415	-0.911072	0.029668	1.437696	1.458427	1.0258915139276181
chr21	40850000	40900000	0.554544	1.344027	6.522776	0.353418	-0.99462	0.022635	2.162511	1.48612	1.0015330614498756
chr21	40900000	40950000	0.665049	0.931432	6.419925	0.456988	-0.965333	0.022549	1.946405	1.50613	1.0015330614498756
chr21	40950000	41000000	0.721337	0.727183	-5.118791	0.501692	-0.86091	0.028253	1.605757	1.542386	1.01652637952663
chr21	41000000	41050000	0.677264	0.839876	-7.165896	0.465252	-0.845984	0.027948	1.701149	1.557912	1.0258915139276181
chr21	41050000	41100000	0.527595	1.293478	-7.780161	0.354675	-0.997992	0.016918	2.27019	1.585936	1.0116613279027629
chr21	41100000	41150000	0.42351	1.71838	-4.969779	0.270441	-0.984242	0.010777	1.67213	1.67616	1.037688842528289
chr21	41150000	41200000	0.432515	1.731155	7.365683	0.269041	-1.017188	-0.008458	2.38882	1.784905	1.0875473418427162
chr21	41200000	41250000	0.515965	1.415243	7.906664	0.332443	-1.034207	-0.019826	2.504732	1.876628	1.1022634978394494
chr21	41250000	41300000	0.624186	1.042647	7.999948	0.435733	-1.00965	-0.023252	2.38396	1.955531	1.1052713544812351
chr21	41300000	41350000	0.720175	0.789692	7.67345	0.501126	-1.001118	-0.025262	2.281961	1.980305	1.1027681884557565
chr21	41350000	41400000	0.78667	0.6788	7.124698	0.517954	-1.026633	-0.02534	2.175251	1.962657	1.0976587436643757
chr21	41400000	41450000	0.816613	0.693598	6.488164	0.500972	-1.011468	-0.024939	2.112976	1.971647	1.0981760340623774
chr21	41450000	41500000	0.810184	0.775105	6.146938	0.492288	-1.032038	-0.02502	2.190752	1.974052	1.100230964705975
chr21	41500000	41550000	0.80012	0.823348	6.95643	0.481045	-1.084945	-0.024599	2.339091	1.991201	1.0918717806973408
chr21	41550000	41600000	0.80576	0.791454	7.034766	0.486309	-0.98909	-0.025031	2.148226	2.10819	1.095050546338513
chr21	41600000	41650000	0.823717	0.722389	6.563562	0.496399	-0.95897	-0.025983	2.0309	2.241796	1.0960982067844751
chr21	41650000	41700000	0.845552	0.661664	6.105994	0.510727	-0.889232	-0.024492	1.938955	2.372539	1.0971400143482537
chr21	41700000	41750000	0.863009	0.618932	5.413087	0.523958	-0.849304	-0.021448	1.881483	2.435152	1.0997193510273202
chr21	41750000	41800000	0.881271	0.596559	4.457693	0.529201	-0.880969	-0.025324	1.839148	2.412127	1.100741178619054
chr21	41800000	41850000	0.890212	0.599438	0.446342	0.527214	-0.892132	-0.026653	1.850659	2.405172	1.0981760340623774
chr21	41850000	41900000	0.892202	0.611675	-2.023868	0.52137	-0.878326	-0.024438	1.855334	2.441252	1.0976587436643757
chr21	41900000	41950000	0.89324	0.615527	-4.38101	0.524518	-0.880527	-0.025309	1.874418	2.430531	1.0976587436643757
chr21	41950000	42000000	0.890367	0.62684	-5.202967	0.525336	-0.925272	-0.023793	1.907204	2.398694	1.094524500661329
chr21	42000000	42050000	0.90135	0.614826	-5.756744	0.528955	-0.886565	-0.02336	1.893889	2.383628	1.0934679365380795
chr21	42050000	42100000	0.902738	0.61397	-6.521944	0.53014	-0.938547	-0.022173	1.992918	2.377552	1.096619838086559
chr21	42100000	42150000	0.897161	0.601179	-6.983013	0.525874	-0.930996	-0.025921	2.094163	2.357212	1.0971400143482537
chr21	42150000	42200000	0.859713	0.610394	-7.273474	0.535565	-0.943254	-0.023995	2.163826	2.361079	1.0929374011335804
chr21	42200000	42250000	0.791506	0.679017	-7.710876	0.535575	-0.952941	-0.021056	2.285503	2.396996	1.0971400143482537
chr21	42250000	42300000	0.704621	0.836803	-8.102131	0.505731	-0.896698	-0.017602	2.424401	2.419603	1.095575112279067
chr21	42300000	42350000	0.590286	1.116926	-8.373577	0.429661	-0.871816	-0.023883	2.637657	2.395062	1.1017574376404153
chr21	42350000	42400000	0.448918	1.511581	-8.606286	0.326945	-0.883373	-0.020286	2.928442	2.307652	1.1082314653456615
chr21	42400000	42450000	0.335076	1.931978	-7.803928	0.229254	-0.892099	-0.006717	2.838801	2.144242	1.09399696687558
chr21	42450000	42500000	0.330785	1.954591	5.001344	0.22631	-0.838115	0.010633	1.447392	2.000994	1.0592560200255903
chr21	42500000	42550000	0.439622	1.578282	7.250975	0.318473	-0.78334	0.023827	1.63811	1.89311	1.0514576822982635
chr21	42550000	42600000	0.564677	1.212764	7.282162	0.420365	-0.770785	0.023677	1.514327	1.820039	1.0433189476920552
chr21	42600000	42650000	0.648928	1.020505	6.559158	0.47742	-0.85092	0.023762	1.617761	1.730336	1.0460715152882725
chr21	42650000	42700000	0.713229	0.846271	7.450353	0.493516	-0.958977	0.014932	1.729615	1.683115	1.0251288009261477
chr21	42700000	42750000	0.793329	0.71992	5.409785	0.509317	-0.952604	0.017035	1.595462	1.654317	1.0204858290915688
chr21	42750000	42800000	0.802195	0.75162	2.371952	0.491914	-0.915737	0.024238	1.594861	1.650238	1.0348087378848936
chr21	42800000	42850000	0.747713	0.894835	-4.277863	0.462381	-0.944684	0.024448	1.702649	1.648657	1.017325023440674
chr21	42850000	42900000	0.696408	1.06384	1.761392	0.414478	-0.945299	0.022304	1.700289	1.600103	1.028161112760271
chr21	42900000	42950000	0.678754	1.120162	4.737161	0.397533	-1.026531	0.023027	1.706381	1.402519	1.026651120146543
chr21	42950000	43000000	0.726499	1.069415	2.77084	0.410295	-1.225955	0.014219	1.165269	1.123946	0.8642984852565777
chr21	43000000	43050000	0.66927	1.070068	6.833152	0.412387	-1.273269	0.030514	1.711035	1.182177	0.9926512367085196
chr21	43050000	43100000	0.773124	0.825758	7.066352	0.468988	-1.087699	0.030284	1.621995	1.326095	1.0212677298970352
chr21	43100000	43150000	0.838599	0.688407	5.72407	0.508174	-0.967935	0.034696	1.453693	1.358916	1.0075078584618256
chr21	43150000	43200000	0.812044	0.773165	-4.930832	0.492021	-1.045521	0.034834	1.470187	1.337017	1.0100110244873044
chr21	43200000	43250000	0.776508	0.927418	-3.157265	0.452224	-1.227995	0.02957	1.587278	1.285483	0.9833251400026506
chr21	43250000	43300000	0.781499	0.907865	4.061064	0.447135	-1.132465	0.028471	1.57201	1.285991	0.99803092906158
chr21	43300000	43350000	0.819871	0.84513	5.258145	0.479137	-1.06797	0.030664	1.52689	1.321598	1.0049706347120442
chr21	43350000	43400000	0.811306	0.821937	1.12993	0.468257	-1.076154	0.032663	1.505103	1.309971	0.9989126473420044
chr21	43400000	43450000	0.802388	0.824765	2.160999	0.478187	-1.043053	0.032614	1.502245	1.293929	1.0091803635641847
chr21	43450000	43500000	0.789234	0.868438	-3.799415	0.472238	-1.121985	0.028795	1.504841	1.274862	0.990822956682981
chr21	43500000	43550000	0.717913	1.066795	-6.612581	0.425028	-1.305175	0.029772	1.771355	1.217616	0.970459137595366
chr21	43550000	43600000	0.731514	1.073644	6.540524	0.410922	-1.327181	0.029811	1.790165	1.221239	0.9610016314915552
chr21	43600000	43650000	0.827543	0.858926	4.986246	0.467812	-1.134603	0.025581	1.494718	1.271168	0.9852280449723468
chr21	43650000	43700000	0.824117	0.836816	-3.735676	0.481028	-1.260901	0.032443	1.602846	1.225572	0.9724972242084611
chr21	43700000	43750000	0.810676	0.84766	0.600712	0.467143	-1.303123	0.029047	1.647589	1.225597	0.9566392555179968
chr21	43750000	43800000	0.819907	0.822962	3.099828	0.470797	-1.338039	0.016791	1.668624	1.312666	0.9510387424536367
chr21	43800000	43850000	0.828261	0.836637	-4.037975	0.469706	-1.291949	0.022468	1.623848	1.326737	0.9555325278251369
chr21	43850000	43900000	0.788687	0.983101	-6.320292	0.432154	-1.355481	0.018673	1.786707	1.282941	0.9440882583695712
chr21	43900000	43950000	0.782848	1.047904	-4.468953	0.424628	-1.224566	0.032659	1.636962	1.248288	0.9784811515819346
chr21	43950000	44000000	0.766195	1.051424	1.92971	0.42236	-1.389383	0.015528	1.662436	1.251875	0.9417126457477677
chr21	44000000	44050000	0.799527	0.900857	6.534452	0.459567	-1.468842	0.024389	1.516915	1.223479	0.9161269595510642
chr21	44050000	44100000	0.850025	0.72528	4.181339	0.512238	-1.381436	0.01907	1.497667	1.238735	0.9318954807689193
chr21	44100000	44150000	0.854232	0.685689	-4.256972	0.5189	-1.335383	0.026013	1.47705	1.192524	0.9417126457477677
chr21	44150000	44200000	0.804877	0.845949	-6.658355	0.464481	-1.388315	0.028098	1.55718	1.145655	0.9215326443871134
chr21	44200000	44250000	0.689684	1.200698	-7.406884	0.386334	-1.47693	0.016216	1.732521	1.149459	0.9033588742208009
chr21	44250000	44300000	0.627194	1.390241	-2.094695	0.335774	-1.455933	0.028749	1.639638	1.09069	0.9077127623097442
chr21	44300000	44350000	0.659017	1.227288	7.644538	0.389453	-1.543042	0.020327	2.33849	1.103344	0.8989008993283166
chr21	44350000	44400000	0.75223	0.895351	7.062207	0.461985	-1.445878	0.022797	1.943704	1.132843	0.9003987633563746
chr21	44400000	44450000	0.797295	0.742946	5.18297	0.488746	-1.423243	0.018171	1.754707	1.148216	0.922859931619466
chr21	44450000	44500000	0.770954	0.848692	-5.084949	0.48147	-1.539137	0.025743	1.885265	1.105844	0.8958685874941934
chr21	44500000	44550000	0.661297	1.203335	-6.189407	0.396688	-1.705351	0.022273	2.443927	1.016284	0.860641837335586
chr21	44550000	44600000	0.65063	1.320668	7.105471	0.348728	-1.84517	0.023067	2.967184	0.917032	0.8000980435871834
chr21	44600000	44650000	0.773654	1.053977	8.098048	0.418192	-1.904156	0.021992	2.902859	0.782468	0.7332189103800618
chr21	44650000	44700000	0.908947	0.736824	6.825588	0.503262	-1.973215	0.01056	2.048281	0.720275	0.8550188062407811
chr21	44700000	44750000	0.983333	0.557509	6.037783	0.561587	-1.801507	0.021995	2.129193	0.873386	0.8148280449376168
chr21	44750000	44800000	1.054517	0.442626	-2.25691	0.59223	-1.812922	0.021252	2.025531	0.960251	0.8124524323158133
chr21	44800000	44850000	1.049045	0.498115	-5.88977	0.558972	-1.844222	0.02614	2.012828	0.955508	0.7868667461191099
chr21	44850000	44900000	1.006968	0.600528	-4.226234	0.541618	-1.828595	0.020844	2.107737	1.009153	0.7868667461191099
chr21	44900000	44950000	0.923178	0.697128	-5.976758	0.532021	-1.730409	0.019807	2.114027	1.107735	0.8411989241634117
chr21	44950000	45000000	0.838844	0.814381	-7.083786	0.49475	-1.630233	0.018026	2.026244	1.175384	0.8880648100087197
chr21	45000000	45050000	0.73082	1.067461	-8.039641	0.418188	-1.760274	0.017722	2.478604	1.14229	0.8696524339100501
chr21	45050000	45100000	0.611164	1.370414	-7.848854	0.342721	-1.906537	0.027509	2.762892	1.086075	0.8284792403739928
chr21	45100000	45150000	0.584651	1.46702	-5.587676	0.328447		0.016179	1.361869	1.068393	0.8832208215880037
chr21	45150000	45200000	0.594741	1.455733	-0.157578	0.338348		0.018937	1.696072	1.00701	0.8550188062407811
chr21	45200000	45250000	0.659248	1.248087	7.247084	0.388302		0.02154	2.171271	0.927477	0.7784525488777898
chr21	45250000	45300000	0.796504	0.871098	6.529494	0.477108		0.029109	1.796838	0.914054	0.8328162514034284
chr21	45300000	45350000	0.850473	0.773374	-3.289019	0.499848		0.023959	1.623307	0.931289	0.8349475096741711
chr21	45350000	45400000	0.82236	0.913122	-5.937912	0.459943		0.031211	1.785198	0.919961	0.7895891750374588
chr21	45400000	45450000	0.798693	1.073446	-4.843259	0.418125		0.020789	1.797566	0.991473	0.8051384333624436
chr21	45450000	45500000	0.771157	1.159781	-4.56193	0.389647		0.008934	1.755347	1.021406	0.8432370107765068
chr21	45500000	45550000	0.711168	1.297096	-4.098186	0.353527		0.024184	1.958569	0.940523	0.7949176252197213
chr21	45550000	45600000	0.738104	1.157529	7.329854	0.392017		0.016136	1.905702	0.942514	0.7603916961045141
chr21	45600000	45650000	0.838894	0.877256	5.099099	0.454736		0.016427	1.620749	0.956862	0.7975258225455842
chr21	45650000	45700000	0.818828	0.878768	-5.02835	0.459897		0.019138	1.758398	0.952386	0.8124524323158133
chr21	45700000	45750000	0.713468	1.12566	-6.822694	0.40533		0.01742	1.983812	0.912802	0.7696406858963624
chr21	45750000	45800000	0.671069	1.270891	5.869952	0.384153		0.013126	1.730254	0.949834	0.8194903644994427
chr21	45800000	45850000	0.696368	1.28045	2.883924	0.367076		0.013428	1.762302	1.026677	0.8217785290216825
chr21	45850000	45900000	0.677977	1.366868	3.515067	0.338341		0.017251	1.824743	1.007512	0.8432370107765068
chr21	45900000	45950000	0.710332	1.232356	6.984691	0.379248		0.019897	2.049399	0.980341	0.7755612805917257
chr21	45950000	46000000	0.841343	0.893379	7.686413	0.454526		0.014722	1.879498	1.121634	0.7812996739351231
chr21	46000000	46050000	0.946934	0.636198	6.758894	0.514484		0.013053	1.743134	1.267287	0.8076084438950973
chr21	46050000	46100000	0.979295	0.576176	2.213807	0.537468		0.011926	1.617565	1.301301	0.7696406858963624
chr21	46100000	46150000	0.914949	0.691194	-5.982266	0.507159		0.014852	1.628708	1.244886	0.7949176252197213
chr21	46150000	46200000	0.823243	0.941748	-5.85904	0.453201		0.007395	1.732482	1.197671	0.7868667461191099
chr21	46200000	46250000	0.767576	1.132137	-4.126308	0.408255		0.010697	1.774688	1.132501	0.8171737748466086
chr21	46250000	46300000	0.770468	1.117775	1.293486	0.406461		0.007625	1.686022	1.091387	0.8328162514034284
chr21	46300000	46350000	0.769686	1.049838	3.072202	0.414012		0.014892	1.7563	1.019187	0.7949176252197213
chr21	46350000	46400000	0.793637	0.936903	6.230305	0.448108		0.018393	1.811842	0.965815	0.7472997904970997
chr21	46400000	46450000	0.864977	0.760568	5.495011	0.490051		0.016688	1.668709	0.985613	0.8000980435871834
chr21	46450000	46500000	0.881703	0.747188	-4.141606	0.493137		0.013615	1.61446	1.00749	0.8171737748466086
chr21	46500000	46550000	0.822965	0.935792	-6.152699	0.453078		0.017218	1.811351	0.981074	0.7922724309551592
chr21	46550000	46600000	0.807791	1.016983	5.034563	0.426194		0.016535	1.996213	0.993286	0.7332189103800618
chr21	46600000	46650000	0.868098	0.926846	3.959208	0.4492		0.013408	1.818417	1.039435	0.8026352673369651
chr21	46650000	46700000	0.85019	0.921916	-1.155567	0.445012		0.013579	1.824885	1.003102	0.7868667461191099
chr21	46700000	46750000	0.853865	0.812618	6.214834	0.483621		0.018941	1.782701	0.930457	0.7841039834558424
chr21	46750000	46800000	0.917042	0.64326	3.129345	0.527247		0.012985	1.557408	0.961938	0.8051384333624436
chr21	46800000	46850000	0.878299	0.754778	-6.884057	0.490774		0.019129	1.682976	0.933066	0.7895891750374588
chr21	46850000	46900000	0.766326	1.073714	-6.78571	0.410167		0.015513	1.91615	0.904218	0.7472997904970997
chr21	46900000	46950000	0.712628	1.280163	-5.650939	0.370857		0.012883	1.784632	0.969102	0.7895891750374588
chr21	46950000	47000000	0.71261	1.281745	6.613123	0.366345		0.011963	1.831042	1.062679	0.8026352673369651
chr21	47000000	47050000	0.825262	1.009426	6.51055	0.430301		0.012677	1.703098	1.187027	0.7922724309551592
chr21	47050000	47100000	0.919984	0.704339	6.086183	0.51173		0.004796	1.601489	1.345194	0.7949176252197213
chr21	47100000	47150000	0.972659	0.517099	2.99171	0.549859		0.00834	1.582666	1.397957	0.8217785290216825
chr21	47150000	47200000	0.954321	0.588554		0.529848		0.012596	1.732452	1.348873	0.8171737748466086
chr21	47200000	47250000	0.846985	0.88226		0.4601		0.011319	1.98393		0.7332189103800618
chr21	47250000	47300000	0.728893	1.223354		0.391077		0.01208	2.064298		0.8000980435871834
chr21	47300000	47350000	0.638936	1.424297		0.335753		0.008459	1.923622		0.8051384333624436
chr21	47350000	47400000	0.621572	1.417596		0.33177		0.019504			0.8240389575330281
chr21	47400000	47450000	0.719991	1.149596		0.395373		0.011953			0.8531061426134042
chr21	47450000	47500000	0.782273	0.988645		0.456551		0.012888			0.8349475096741711
chr21	47500000	47550000	0.781232	1.025912		0.455245		0.012606			0.8217785290216825
chr21	47550000	47600000	0.80488	1.024065		0.441556		0.010478			0.7696406858963624
chr21	47600000	47650000	0.8614	0.951127		0.449965		0.014982			0.8076084438950973
chr21	47650000	47700000	0.904552	0.899584		0.4539		0.01275			0.8240389575330281
chr21	47700000	47750000	0.938534	0.859808		0.472714		0.014266			0.8328162514034284
chr21	47750000	47800000	0.959233	0.822653		0.483966		0.009657			0.7841039834558424
chr21	47800000	47850000	0.954659	0.837175		0.473519		0.008098			0.8000980435871834
chr21	47850000	47900000						0.013709			0.8511736582846321
chr21	47900000	47950000						0.010757			0.8848495050313897
chr21	47950000	48000000						0.01208			0.876560003929054
chr21	48000000	48050000						0.009378			0.9280765813973592
chr21	48050000	48100000						0.00405			0.9642077231061252
chr21	48100000	48150000						-0.000206			0.8587862691014917
