chr	start	end	Control1	Control2	Treat1	Treat2	Treat3	Treat4
chr21	0	50000						
chr21	50000	100000						
chr21	100000	150000						
chr21	150000	200000						
chr21	200000	250000						
chr21	250000	300000						
chr21	300000	350000						
chr21	350000	400000						
chr21	400000	450000						
chr21	450000	500000						
chr21	500000	550000						
chr21	550000	600000						
chr21	600000	650000						
chr21	650000	700000						
chr21	700000	750000						
chr21	750000	800000						
chr21	800000	850000						
chr21	850000	900000						
chr21	900000	950000						
chr21	950000	1000000						
chr21	1000000	1050000						
chr21	1050000	1100000						
chr21	1100000	1150000						
chr21	1150000	1200000						
chr21	1200000	1250000						
chr21	1250000	1300000						
chr21	1300000	1350000						
chr21	1350000	1400000						
chr21	1400000	1450000						
chr21	1450000	1500000						
chr21	1500000	1550000						
chr21	1550000	1600000						
chr21	1600000	1650000						
chr21	1650000	1700000						
chr21	1700000	1750000						
chr21	1750000	1800000						
chr21	1800000	1850000						
chr21	1850000	1900000						
chr21	1900000	1950000						
chr21	1950000	2000000						
chr21	2000000	2050000						
chr21	2050000	2100000						
chr21	2100000	2150000						
chr21	2150000	2200000						
chr21	2200000	2250000						
chr21	2250000	2300000						
chr21	2300000	2350000						
chr21	2350000	2400000						
chr21	2400000	2450000						
chr21	2450000	2500000						
chr21	2500000	2550000						
chr21	2550000	2600000						
chr21	2600000	2650000						
chr21	2650000	2700000						
chr21	2700000	2750000						
chr21	2750000	2800000						
chr21	2800000	2850000						
chr21	2850000	2900000						
chr21	2900000	2950000						
chr21	2950000	3000000						
chr21	3000000	3050000						
chr21	3050000	3100000						
chr21	3100000	3150000						
chr21	3150000	3200000						
chr21	3200000	3250000						
chr21	3250000	3300000						
chr21	3300000	3350000						
chr21	3350000	3400000						
chr21	3400000	3450000						
chr21	3450000	3500000						
chr21	3500000	3550000						
chr21	3550000	3600000						
chr21	3600000	3650000						
chr21	3650000	3700000						
chr21	3700000	3750000						
chr21	3750000	3800000						
chr21	3800000	3850000						
chr21	3850000	3900000						
chr21	3900000	3950000						
chr21	3950000	4000000						
chr21	4000000	4050000						
chr21	4050000	4100000						
chr21	4100000	4150000						
chr21	4150000	4200000						
chr21	4200000	4250000						
chr21	4250000	4300000						
chr21	4300000	4350000						
chr21	4350000	4400000						
chr21	4400000	4450000						
chr21	4450000	4500000						
chr21	4500000	4550000						
chr21	4550000	4600000						
chr21	4600000	4650000						
chr21	4650000	4700000						
chr21	4700000	4750000						
chr21	4750000	4800000						
chr21	4800000	4850000						
chr21	4850000	4900000						
chr21	4900000	4950000						
chr21	4950000	5000000						
chr21	5000000	5050000						
chr21	5050000	5100000						
chr21	5100000	5150000						
chr21	5150000	5200000						
chr21	5200000	5250000						
chr21	5250000	5300000						
chr21	5300000	5350000						
chr21	5350000	5400000						
chr21	5400000	5450000						
chr21	5450000	5500000						
chr21	5500000	5550000						
chr21	5550000	5600000						
chr21	5600000	5650000						
chr21	5650000	5700000						
chr21	5700000	5750000						
chr21	5750000	5800000						
chr21	5800000	5850000						
chr21	5850000	5900000						
chr21	5900000	5950000						
chr21	5950000	6000000						
chr21	6000000	6050000						
chr21	6050000	6100000						
chr21	6100000	6150000						
chr21	6150000	6200000						
chr21	6200000	6250000						
chr21	6250000	6300000						
chr21	6300000	6350000						
chr21	6350000	6400000						
chr21	6400000	6450000						
chr21	6450000	6500000						
chr21	6500000	6550000						
chr21	6550000	6600000						
chr21	6600000	6650000						
chr21	6650000	6700000						
chr21	6700000	6750000						
chr21	6750000	6800000						
chr21	6800000	6850000						
chr21	6850000	6900000						
chr21	6900000	6950000						
chr21	6950000	7000000						
chr21	7000000	7050000						
chr21	7050000	7100000						
chr21	7100000	7150000						
chr21	7150000	7200000						
chr21	7200000	7250000						
chr21	7250000	7300000						
chr21	7300000	7350000						
chr21	7350000	7400000						
chr21	7400000	7450000						
chr21	7450000	7500000						
chr21	7500000	7550000						
chr21	7550000	7600000						
chr21	7600000	7650000						
chr21	7650000	7700000						
chr21	7700000	7750000						
chr21	7750000	7800000						
chr21	7800000	7850000						
chr21	7850000	7900000						
chr21	7900000	7950000						
chr21	7950000	8000000						
chr21	8000000	8050000						
chr21	8050000	8100000						
chr21	8100000	8150000						
chr21	8150000	8200000						
chr21	8200000	8250000						
chr21	8250000	8300000						
chr21	8300000	8350000						
chr21	8350000	8400000						
chr21	8400000	8450000						
chr21	8450000	8500000						
chr21	8500000	8550000						
chr21	8550000	8600000						
chr21	8600000	8650000						
chr21	8650000	8700000						
chr21	8700000	8750000						
chr21	8750000	8800000						
chr21	8800000	8850000						
chr21	8850000	8900000						
chr21	8900000	8950000						
chr21	8950000	9000000						
chr21	9000000	9050000						
chr21	9050000	9100000						
chr21	9100000	9150000						
chr21	9150000	9200000						
chr21	9200000	9250000						
chr21	9250000	9300000						
chr21	9300000	9350000						
chr21	9350000	9400000						
chr21	9400000	9450000						
chr21	9450000	9500000	0.166571	0.160095	0.224159	0.203931	0.141913	0.159429
chr21	9500000	9550000	0.243053	0.234187	0.188627	0.276317	0.160628	0.163505
chr21	9550000	9600000	0.180624	0.074335	0.175937	0.215963	0.134921	0.083617
chr21	9600000	9650000	0.233802	0.088246	0.206356	0.271859	0.176132	0.162832
chr21	9650000	9700000	0.27488	0.146657	0.184517	0.327802	0.222119	0.212936
chr21	9700000	9750000	0.312543	0.136953	0.320616	0.308033	0.207241	0.256057
chr21	9750000	9800000	0.21199	0.18064	0.274889	0.192525	0.147505	0.227288
chr21	9800000	9850000	0.266934	0.289882	0.326519	0.212485	0.209004	0.210341
chr21	9850000	9900000	0.386632	0.418997	0.434317	0.364878	0.280314	0.365806
chr21	9900000	9950000	0.415794	0.485635	0.441015	0.369323	0.363753	0.397251
chr21	9950000	10000000	0.388321	0.4448	0.396156	0.269082	0.334348	0.355357
chr21	10000000	10050000	0.180516	0.237027	0.187488	0.20749	0.250698	0.165921
chr21	10050000	10100000	0.148647	0.134293	0.22742	0.211329	0.206257	0.14346
chr21	10100000	10150000	0.136678	0.066167	0.19649	0.164432	0.123944	0.162952
chr21	10150000	10200000	0.148276	0.083451	0.140767	0.190224	0.092385	0.118418
chr21	10200000	10250000	0.09445	0.060004	0.10819	0.107331	0.070668	0.0808
chr21	10250000	10300000	0.099696	0.042774	0.134687	0.127437	0.08894	0.101635
chr21	10300000	10350000	0.102407	0.05219	0.122942	0.129763	0.077521	0.098607
chr21	10350000	10400000			0.067499	0.057507		0.046915
chr21	10400000	10450000		0.438782	0.446888	0.380015	0.326006	0.338699
chr21	10450000	10500000		0.554792	0.632201		0.478467	
chr21	10500000	10550000		0.538725			0.534853	
chr21	10550000	10600000		0.418574			0.478104	
chr21	10600000	10650000					0.441999	
chr21	10650000	10700000	0.617058	0.463406	0.681919	0.642575	0.608165	0.674488
chr21	10700000	10750000						
chr21	10750000	10800000						
chr21	10800000	10850000						
chr21	10850000	10900000						
chr21	10900000	10950000						
chr21	10950000	11000000		0.463493				
chr21	11000000	11050000	0.54766	0.486671	0.614951	0.581242	0.545574	0.593779
chr21	11050000	11100000	0.471687	0.453582	0.526768	0.504723	0.476131	0.509069
chr21	11100000	11150000	0.297986	0.299042	0.358001	0.32239	0.304105	0.338751
chr21	11150000	11200000						
chr21	11200000	11250000						
chr21	11250000	11300000						
chr21	11300000	11350000						
chr21	11350000	11400000						
chr21	11400000	11450000						
chr21	11450000	11500000						
chr21	11500000	11550000						
chr21	11550000	11600000						
chr21	11600000	11650000						
chr21	11650000	11700000						
chr21	11700000	11750000						
chr21	11750000	11800000						
chr21	11800000	11850000						
chr21	11850000	11900000						
chr21	11900000	11950000						
chr21	11950000	12000000						
chr21	12000000	12050000						
chr21	12050000	12100000						
chr21	12100000	12150000						
chr21	12150000	12200000						
chr21	12200000	12250000						
chr21	12250000	12300000						
chr21	12300000	12350000						
chr21	12350000	12400000						
chr21	12400000	12450000						
chr21	12450000	12500000						
chr21	12500000	12550000						
chr21	12550000	12600000						
chr21	12600000	12650000						
chr21	12650000	12700000						
chr21	12700000	12750000						
chr21	12750000	12800000						
chr21	12800000	12850000						
chr21	12850000	12900000						
chr21	12900000	12950000						
chr21	12950000	13000000						
chr21	13000000	13050000						
chr21	13050000	13100000						
chr21	13100000	13150000						
chr21	13150000	13200000						
chr21	13200000	13250000						
chr21	13250000	13300000						
chr21	13300000	13350000						
chr21	13350000	13400000						
chr21	13400000	13450000						
chr21	13450000	13500000						
chr21	13500000	13550000						
chr21	13550000	13600000						
chr21	13600000	13650000						
chr21	13650000	13700000						
chr21	13700000	13750000						
chr21	13750000	13800000						
chr21	13800000	13850000						
chr21	13850000	13900000						
chr21	13900000	13950000						
chr21	13950000	14000000						
chr21	14000000	14050000						
chr21	14050000	14100000						
chr21	14100000	14150000						
chr21	14150000	14200000						
chr21	14200000	14250000						
chr21	14250000	14300000						
chr21	14300000	14350000						
chr21	14350000	14400000	0.163159	0.253328	0.20055	0.156931	0.143635	0.161655
chr21	14400000	14450000	0.343498	0.468799	0.381586	0.328146	0.30923	0.384561
chr21	14450000	14500000	0.499324	0.634202	0.551341	0.444105	0.481188	0.515636
chr21	14500000	14550000	0.634105	0.781571	0.692952	0.59261	0.586426	0.654302
chr21	14550000	14600000	0.72175	0.849168	0.791409	0.695153	0.700019	0.745769
chr21	14600000	14650000	0.81272	0.866193	0.876954	0.783648	0.785371	0.84642
chr21	14650000	14700000	0.833448	0.827713	0.904251	0.817113	0.781847	0.860223
chr21	14700000	14750000	0.81394	0.765336	0.899629	0.812622	0.773509	0.8675
chr21	14750000	14800000		0.692278	0.810116	0.715838	0.692356	
chr21	14800000	14850000			0.747834		0.610326	
chr21	14850000	14900000			0.674637		0.550593	
chr21	14900000	14950000			0.657581		0.5354	
chr21	14950000	15000000					0.487057	
chr21	15000000	15050000					0.486109	
chr21	15050000	15100000	0.635149		0.648091	0.61831	0.523947	0.642018
chr21	15100000	15150000		0.502325	0.618594		0.59088	
chr21	15150000	15200000			0.552521		0.638547	
chr21	15200000	15250000			0.523295		0.56998	
chr21	15250000	15300000			0.549901		0.573946	
chr21	15300000	15350000			0.570743		0.597782	
chr21	15350000	15400000			0.634385		0.573117	
chr21	15400000	15450000	0.648187		0.70531	0.701609	0.661126	0.642459
chr21	15450000	15500000	0.612592	0.631176	0.70658	0.696407	0.665574	0.661465
chr21	15500000	15550000	0.553078	0.572849	0.682806	0.679964	0.651426	0.638026
chr21	15550000	15600000	0.491117	0.511569	0.664723	0.652542	0.631503	0.613714
chr21	15600000	15650000	0.461131	0.455266	0.657249	0.635459	0.625153	0.607395
chr21	15650000	15700000	0.499803	0.497793	0.692984	0.670917	0.649928	0.642158
chr21	15700000	15750000	0.562049	0.582926	0.748932	0.730505	0.690795	0.686295
chr21	15750000	15800000	0.619174	0.63454	0.787143	0.762326	0.74276	0.719446
chr21	15800000	15850000	0.687477	0.74394	0.805099	0.789013	0.769893	0.766839
chr21	15850000	15900000	0.778027	0.843646	0.836409	0.817726	0.810625	0.835594
chr21	15900000	15950000	0.836154	0.915228	0.848213	0.845462	0.839206	0.881452
chr21	15950000	16000000	0.845028	0.905405	0.850871	0.854375	0.8347	0.883145
chr21	16000000	16050000	0.829275	0.880887	0.850184	0.853678	0.833025	0.86297
chr21	16050000	16100000	0.788976	0.833335	0.826389	0.841616	0.801885	0.816652
chr21	16100000	16150000	0.730287	0.759965	0.807634	0.791274	0.785121	0.758966
chr21	16150000	16200000	0.702217	0.71666	0.805547	0.772224	0.781128	0.730667
chr21	16200000	16250000	0.689094	0.692002	0.801416	0.778153	0.770094	0.728301
chr21	16250000	16300000	0.724769	0.718118	0.809175	0.796671	0.786112	0.756723
chr21	16300000	16350000	0.756408	0.744701	0.831811	0.822843	0.806275	0.797201
chr21	16350000	16400000	0.774078	0.758899	0.826677	0.824264	0.817118	0.816401
chr21	16400000	16450000	0.781187	0.755172	0.821115	0.81685	0.807416	0.818704
chr21	16450000	16500000	0.792856	0.787089	0.796511	0.787687	0.795952	0.803802
chr21	16500000	16550000	0.819401	0.841103	0.810451	0.806426	0.817854	0.831438
chr21	16550000	16600000	0.83036	0.853357	0.819623	0.812112	0.818419	0.835405
chr21	16600000	16650000	0.827344	0.871949	0.814413	0.799192	0.822177	0.830892
chr21	16650000	16700000	0.818012	0.862212	0.830118	0.803708	0.815067	0.822775
chr21	16700000	16750000	0.791769	0.850504	0.835849	0.802562	0.795251	0.807974
chr21	16750000	16800000	0.741719	0.80374	0.810202	0.780844	0.77092	0.775877
chr21	16800000	16850000	0.664641	0.723565	0.764457	0.748046	0.738338	0.718404
chr21	16850000	16900000	0.609498	0.646652	0.735024	0.70998	0.706435	0.674426
chr21	16900000	16950000	0.590428	0.589686	0.702062	0.698054	0.697628	0.662183
chr21	16950000	17000000	0.585139	0.560881	0.672485	0.689401	0.698257	0.653836
chr21	17000000	17050000	0.640013	0.60089	0.689127	0.71578	0.715369	0.682389
chr21	17050000	17100000	0.705838	0.678823	0.724405	0.76082	0.736931	0.726878
chr21	17100000	17150000	0.750024	0.712262	0.776966	0.790865	0.767943	0.759199
chr21	17150000	17200000	0.7077	0.72081	0.7712	0.769233	0.726806	0.73785
chr21	17200000	17250000	0.606731	0.627971	0.688406	0.697734	0.657395	0.644723
chr21	17250000	17300000	0.479192	0.503106	0.563387	0.579062	0.559606	0.543259
chr21	17300000	17350000	0.422907	0.455026	0.481351	0.4964	0.498896	0.496993
chr21	17350000	17400000	0.461978	0.523197	0.488166	0.500968	0.51909	0.528294
chr21	17400000	17450000	0.52446	0.614549	0.547261	0.566834	0.567583	0.576601
chr21	17450000	17500000	0.602352	0.680175	0.596727	0.610722	0.614219	0.649613
chr21	17500000	17550000	0.67028	0.737856	0.657071	0.673516	0.65791	0.695044
chr21	17550000	17600000	0.72055	0.731384	0.708804	0.714919	0.700094	0.725725
chr21	17600000	17650000	0.747754	0.659394	0.748765	0.734765	0.716937	0.736783
chr21	17650000	17700000	0.749155	0.568037	0.762032	0.739135	0.724024	0.746075
chr21	17700000	17750000	0.743658	0.560244	0.773999	0.74849	0.727881	0.743159
chr21	17750000	17800000	0.747243	0.604954	0.783771	0.744633	0.740546	0.751724
chr21	17800000	17850000	0.743756	0.615143	0.77852	0.750836	0.733768	0.755703
chr21	17850000	17900000	0.741434	0.653083	0.778978	0.749053	0.720594	0.754053
chr21	17900000	17950000	0.74631	0.705186	0.780731	0.760592	0.72086	0.756942
chr21	17950000	18000000	0.750372	0.769771	0.778593	0.759292	0.72988	0.753568
chr21	18000000	18050000	0.75353	0.800242	0.783106	0.748928	0.729335	0.752976
chr21	18050000	18100000	0.753593	0.837388	0.778451	0.747698	0.726868	0.767307
chr21	18100000	18150000	0.761343	0.84268	0.776186	0.753332	0.75221	0.757704
chr21	18150000	18200000	0.755127	0.848724	0.76896	0.740206	0.745279	0.743027
chr21	18200000	18250000	0.754332	0.848576	0.762257	0.734858	0.725256	0.739057
chr21	18250000	18300000	0.754213	0.843184	0.766488	0.734394	0.714047	0.735374
chr21	18300000	18350000	0.754736	0.828092	0.754513	0.72914	0.717831	0.731004
chr21	18350000	18400000	0.736294	0.796936	0.719191	0.695128	0.689527	0.710468
chr21	18400000	18450000	0.709702	0.771477	0.697086	0.687178	0.659716	0.687338
chr21	18450000	18500000	0.670817	0.732762	0.679388	0.656144	0.643821	0.663546
chr21	18500000	18550000	0.61157	0.670658	0.624047	0.625113	0.597794	0.630501
chr21	18550000	18600000	0.529443	0.587311	0.57076	0.571626	0.541145	0.570471
chr21	18600000	18650000	0.441639	0.513424	0.509326	0.511548	0.503389	0.5136
chr21	18650000	18700000	0.366789	0.447869	0.447953	0.458375	0.468594	0.461549
chr21	18700000	18750000	0.340195	0.44332	0.412838	0.43764	0.458868	0.44474
chr21	18750000	18800000	0.458442	0.534983	0.466182	0.499637	0.549979	0.529839
chr21	18800000	18850000	0.648889	0.681514	0.592622	0.655271	0.698712	0.708466
chr21	18850000	18900000	0.733059	0.7612	0.723941	0.771791	0.79146	0.799758
chr21	18900000	18950000	0.736842	0.761528	0.836011	0.84087	0.840159	0.801688
chr21	18950000	19000000	0.709323	0.715352	0.885112	0.852898	0.832106	0.782983
chr21	19000000	19050000	0.720482	0.737883	0.895919	0.855642	0.843902	0.798581
chr21	19050000	19100000	0.732763	0.752135	0.851356	0.824736	0.820515	0.810522
chr21	19100000	19150000	0.75184	0.776258	0.774527	0.778524	0.775822	0.80631
chr21	19150000	19200000	0.723446	0.775563	0.681838	0.693861	0.711313	0.767205
chr21	19200000	19250000	0.638279	0.693688	0.576785	0.597972	0.626981	0.698588
chr21	19250000	19300000	0.491996	0.567461	0.488282	0.502954	0.525389	0.566379
chr21	19300000	19350000	0.427379	0.516008	0.4288	0.455322	0.469598	0.504318
chr21	19350000	19400000	0.455434	0.562449	0.464878	0.481241	0.491868	0.518435
chr21	19400000	19450000	0.500766	0.633539	0.529472	0.519678	0.537587	0.551546
chr21	19450000	19500000	0.556345	0.690548	0.561162	0.558733	0.570853	0.595587
chr21	19500000	19550000	0.58897	0.733624	0.604002	0.591871	0.598957	0.630347
chr21	19550000	19600000	0.612833	0.73121	0.630208	0.624881	0.608855	0.644068
chr21	19600000	19650000	0.629718	0.703326	0.669617	0.641001	0.635487	0.657098
chr21	19650000	19700000	0.633128	0.660078	0.700953	0.66874	0.657085	0.671683
chr21	19700000	19750000	0.625129	0.635959	0.705151	0.674086	0.659957	0.66807
chr21	19750000	19800000	0.624686	0.607668	0.713612	0.672027	0.662981	0.666565
chr21	19800000	19850000	0.628184	0.576888	0.722145	0.683292	0.674417	0.666899
chr21	19850000	19900000	0.637812	0.559842	0.711909	0.681162	0.673719	0.676966
chr21	19900000	19950000	0.648623	0.61534	0.71601	0.693345	0.680256	0.672349
chr21	19950000	20000000	0.659869	0.667643	0.716676	0.696579	0.686123	0.692129
chr21	20000000	20050000	0.668385	0.698533	0.733265	0.704753	0.688543	0.690295
chr21	20050000	20100000	0.673846	0.746571	0.736092	0.7099	0.683263	0.703019
chr21	20100000	20150000	0.67508	0.748416	0.742739	0.71061	0.694355	0.697259
chr21	20150000	20200000	0.678633	0.724735	0.740782	0.709481	0.702661	0.706042
chr21	20200000	20250000	0.675768	0.697786	0.737791	0.712192	0.695525	0.695661
chr21	20250000	20300000	0.675565	0.698278	0.736991	0.727261	0.695282	0.692254
chr21	20300000	20350000	0.677306	0.725381	0.732292	0.734218	0.704953	0.696702
chr21	20350000	20400000	0.679209	0.750591	0.740666	0.734389	0.68616	0.704922
chr21	20400000	20450000	0.675771	0.747192	0.735291	0.732296	0.693282	0.694567
chr21	20450000	20500000	0.667737	0.731318	0.729721	0.7179	0.692234	0.70724
chr21	20500000	20550000	0.665349	0.722901	0.736837	0.704053	0.693835	0.710351
chr21	20550000	20600000	0.662402	0.706887	0.735574	0.70074	0.6925	0.698204
chr21	20600000	20650000	0.656628	0.681974	0.734965	0.701021	0.692025	0.688894
chr21	20650000	20700000	0.654503	0.666463	0.736987	0.689397	0.690282	0.681652
chr21	20700000	20750000	0.651802	0.651749	0.730876	0.69153	0.68429	0.674784
chr21	20750000	20800000	0.644539	0.637294	0.721935	0.71284	0.685453	0.671687
chr21	20800000	20850000	0.646168	0.654462	0.742833	0.714161	0.682726	0.685353
chr21	20850000	20900000	0.648489	0.678545	0.738006	0.715803	0.691534	0.69911
chr21	20900000	20950000	0.648062	0.702432	0.750232	0.713827	0.691161	0.695047
chr21	20950000	21000000	0.657346	0.725468	0.75227	0.715732	0.701545	0.699271
chr21	21000000	21050000	0.66057	0.731587	0.753719	0.711404	0.702908	0.692584
chr21	21050000	21100000	0.660965	0.738601	0.753926	0.709374	0.709692	0.68823
chr21	21100000	21150000	0.656315	0.725283	0.73879	0.710201	0.705051	0.688024
chr21	21150000	21200000	0.657196	0.729263	0.733512	0.719078	0.709393	0.68411
chr21	21200000	21250000	0.657242	0.725593	0.739036	0.7077	0.707352	0.681332
chr21	21250000	21300000	0.658337	0.726319	0.73159	0.712616	0.694759	0.68369
chr21	21300000	21350000	0.658737	0.725202	0.732886	0.723384	0.686753	0.688076
chr21	21350000	21400000	0.658211	0.710294	0.7395	0.721665	0.691893	0.694332
chr21	21400000	21450000	0.660273	0.711561	0.729214	0.710026	0.69192	0.696975
chr21	21450000	21500000	0.660113	0.739432	0.737922	0.703011	0.702186	0.691691
chr21	21500000	21550000	0.654627	0.754644	0.736216	0.692592	0.699191	0.690031
chr21	21550000	21600000	0.653189	0.761512	0.752434	0.704472	0.705213	0.693372
chr21	21600000	21650000	0.648041	0.752108	0.742047	0.70531	0.710128	0.679772
chr21	21650000	21700000	0.649265	0.736461	0.73796	0.692411	0.694561	0.677617
chr21	21700000	21750000	0.64773	0.726784	0.729871	0.692009	0.681082	0.684714
chr21	21750000	21800000	0.655232	0.690097	0.745476	0.713735	0.686021	0.698169
chr21	21800000	21850000	0.654357	0.647982	0.735525	0.707106	0.666754	0.686038
chr21	21850000	21900000	0.654546	0.630591	0.716946	0.707179	0.68513	0.68649
chr21	21900000	21950000	0.649095	0.615645	0.725107	0.713635	0.670457	0.67845
chr21	21950000	22000000	0.649331	0.621657	0.728905	0.723759	0.66637	0.678195
chr21	22000000	22050000	0.647712	0.612976	0.729997	0.717779	0.674012	0.677238
chr21	22050000	22100000	0.643514	0.609211	0.741052	0.702735	0.682934	0.67127
chr21	22100000	22150000	0.633856	0.644323	0.736715	0.70239	0.679901	0.656435
chr21	22150000	22200000	0.625789	0.652027	0.731589	0.690284	0.69397	0.653771
chr21	22200000	22250000	0.611087	0.627502	0.720527	0.681141	0.678212	0.645704
chr21	22250000	22300000	0.588563	0.58461	0.712634	0.670996	0.676113	0.632774
chr21	22300000	22350000	0.568129	0.534552	0.700383	0.670262	0.665549	0.621726
chr21	22350000	22400000	0.561304	0.543958	0.69887	0.666857	0.655745	0.617797
chr21	22400000	22450000	0.565566	0.569733	0.706209	0.667993	0.663273	0.606903
chr21	22450000	22500000	0.57245	0.596796	0.70596	0.680692	0.655603	0.619083
chr21	22500000	22550000	0.584575	0.617989	0.709151	0.672058	0.655964	0.636164
chr21	22550000	22600000	0.611274	0.627655	0.725799	0.696569	0.66289	0.657412
chr21	22600000	22650000	0.633832	0.665428	0.732811	0.706083	0.67889	0.671067
chr21	22650000	22700000	0.648679	0.659705	0.739183	0.704276	0.671436	0.680373
chr21	22700000	22750000	0.655116	0.694984	0.738397	0.710458	0.681834	0.687924
chr21	22750000	22800000	0.662169	0.737464	0.74434	0.708896	0.695427	0.701999
chr21	22800000	22850000	0.665123	0.782144	0.73898	0.69885	0.692896	0.704689
chr21	22850000	22900000	0.654518	0.805949	0.731412	0.692987	0.684383	0.689847
chr21	22900000	22950000	0.656996	0.824835	0.728265	0.698796	0.692718	0.685909
chr21	22950000	23000000	0.667709	0.830287	0.732826	0.706003	0.698808	0.692795
chr21	23000000	23050000	0.669612	0.814066	0.747758	0.702231	0.706294	0.691329
chr21	23050000	23100000	0.662563	0.757221	0.732882	0.708385	0.699629	0.686158
chr21	23100000	23150000	0.663073	0.70481	0.741669	0.723062	0.700621	0.680527
chr21	23150000	23200000	0.649598	0.63725	0.727445	0.714315	0.693938	0.688015
chr21	23200000	23250000	0.644347	0.609418	0.718347	0.704272	0.691835	0.689619
chr21	23250000	23300000	0.641064	0.574931	0.727479	0.705979	0.688344	0.68599
chr21	23300000	23350000	0.635243	0.553133	0.717031	0.690614	0.681677	0.685226
chr21	23350000	23400000	0.637699	0.566474	0.715319	0.691284	0.673431	0.69569
chr21	23400000	23450000	0.640096	0.613906	0.717311	0.69965	0.666093	0.678254
chr21	23450000	23500000	0.636889	0.649414	0.703279	0.693654	0.652548	0.66527
chr21	23500000	23550000	0.642041	0.700653	0.706598	0.679656	0.665351	0.655259
chr21	23550000	23600000	0.644549	0.705354	0.704073	0.67861	0.680184	0.668861
chr21	23600000	23650000	0.649664	0.719878	0.719968	0.664656	0.691551	0.677474
chr21	23650000	23700000	0.650266	0.741639	0.738423	0.674776	0.671521	0.670471
chr21	23700000	23750000	0.649337	0.74129	0.734711	0.672771	0.676458	0.675368
chr21	23750000	23800000	0.6522	0.756585	0.726095	0.677304	0.675336	0.677881
chr21	23800000	23850000	0.65629	0.780441	0.724498	0.681333	0.688274	0.673538
chr21	23850000	23900000	0.657095	0.784652	0.725335	0.686053	0.695373	0.691632
chr21	23900000	23950000	0.652077	0.776262	0.720935	0.681185	0.695685	0.697791
chr21	23950000	24000000	0.636362	0.749072	0.7242	0.681651	0.680477	0.689158
chr21	24000000	24050000	0.624542	0.730433	0.726866	0.679135	0.68242	0.674313
chr21	24050000	24100000	0.603801	0.705867	0.732002	0.673895	0.67578	0.656752
chr21	24100000	24150000	0.587697	0.659437	0.744726	0.677328	0.665911	0.643619
chr21	24150000	24200000	0.573419	0.62511	0.74442	0.687901	0.661443	0.630591
chr21	24200000	24250000	0.573737	0.629723	0.734391	0.683524	0.67779	0.632028
chr21	24250000	24300000	0.588416	0.638987	0.740791	0.677962	0.669602	0.627763
chr21	24300000	24350000	0.600162	0.658727	0.734661	0.692226	0.678004	0.638252
chr21	24350000	24400000	0.610387	0.674535	0.721764	0.70977	0.684201	0.647325
chr21	24400000	24450000	0.619599	0.684378	0.721911	0.702471	0.6939	0.65905
chr21	24450000	24500000	0.634375	0.685994	0.73502	0.709576	0.690682	0.674041
chr21	24500000	24550000	0.644768	0.713094	0.740869	0.705692	0.679456	0.673589
chr21	24550000	24600000	0.653431	0.721726	0.731059	0.707259	0.691203	0.675474
chr21	24600000	24650000	0.662051	0.728261	0.737619	0.717217	0.687281	0.694062
chr21	24650000	24700000	0.665504	0.723062	0.735665	0.709015	0.693595	0.692481
chr21	24700000	24750000	0.66644	0.694717	0.735097	0.698742	0.710658	0.692721
chr21	24750000	24800000	0.658703	0.644453	0.725731	0.700265	0.693006	0.700474
chr21	24800000	24850000	0.65523	0.624675	0.720273	0.695727	0.687081	0.700495
chr21	24850000	24900000	0.652839	0.617997	0.719071	0.695326	0.682186	0.691627
chr21	24900000	24950000	0.649861	0.662716	0.719309	0.689973	0.682034	0.679942
chr21	24950000	25000000	0.648789	0.688779	0.728806	0.688186	0.685356	0.675732
chr21	25000000	25050000	0.647881	0.708006	0.706938	0.684238	0.680832	0.67828
chr21	25050000	25100000	0.644671	0.701595	0.705301	0.69083	0.686105	0.662828
chr21	25100000	25150000	0.650421	0.703485	0.720461	0.685522	0.691785	0.656258
chr21	25150000	25200000	0.651954	0.694913	0.734658	0.696101	0.693845	0.659641
chr21	25200000	25250000	0.654352	0.674696	0.7368	0.706751	0.705272	0.658739
chr21	25250000	25300000	0.653027	0.676057	0.742921	0.707906	0.700055	0.65885
chr21	25300000	25350000	0.65382	0.665554	0.731264	0.728213	0.697135	0.66923
chr21	25350000	25400000	0.647161	0.64743	0.721605	0.712161	0.686034	0.668725
chr21	25400000	25450000	0.646	0.633657	0.703202	0.697006	0.677564	0.659523
chr21	25450000	25500000	0.644684	0.637342	0.696691	0.708518	0.677797	0.65891
chr21	25500000	25550000	0.652596	0.675751	0.698981	0.713662	0.677093	0.672264
chr21	25550000	25600000	0.660252	0.727038	0.707444	0.713363	0.690771	0.680891
chr21	25600000	25650000	0.663765	0.720417	0.717499	0.710822	0.695442	0.681957
chr21	25650000	25700000	0.66712	0.72341	0.7376	0.714997	0.687865	0.688966
chr21	25700000	25750000	0.672112	0.737573	0.746411	0.715785	0.696226	0.6898
chr21	25750000	25800000	0.678497	0.758491	0.746337	0.71514	0.699088	0.690798
chr21	25800000	25850000	0.675958	0.735209	0.755494	0.698512	0.696218	0.692345
chr21	25850000	25900000	0.673037	0.676757	0.737263	0.70993	0.698195	0.687857
chr21	25900000	25950000	0.675732	0.623259	0.736943	0.717482	0.693202	0.683361
chr21	25950000	26000000	0.675324	0.648591	0.725668	0.711513	0.6837	0.688797
chr21	26000000	26050000	0.677459	0.683158	0.723449	0.701713	0.673794	0.691196
chr21	26050000	26100000	0.687118	0.697603	0.729154	0.706551	0.67424	0.692946
chr21	26100000	26150000	0.694366	0.684906	0.724294	0.699397	0.676553	0.69163
chr21	26150000	26200000	0.696364	0.685946	0.719395	0.679404	0.664618	0.685917
chr21	26200000	26250000	0.698205	0.669647	0.71691	0.673675	0.671502	0.68881
chr21	26250000	26300000	0.700305	0.697075	0.712029	0.673784	0.668974	0.693127
chr21	26300000	26350000	0.706223	0.741521	0.717872	0.665304	0.687888	0.694121
chr21	26350000	26400000	0.709831	0.781817	0.71318	0.66545	0.669539	0.700034
chr21	26400000	26450000	0.716305	0.813981	0.696857	0.655011	0.666787	0.695305
chr21	26450000	26500000	0.711472	0.831221	0.691806	0.658694	0.657058	0.688415
chr21	26500000	26550000	0.691483	0.804568	0.666427	0.639683	0.647479	0.673856
chr21	26550000	26600000	0.632332	0.746425	0.624566	0.59993	0.614301	0.63008
chr21	26600000	26650000	0.562332	0.667449	0.59638	0.562157	0.566934	0.577471
chr21	26650000	26700000	0.481616	0.582422	0.531447	0.525229	0.52085	0.515596
chr21	26700000	26750000	0.390664	0.477877	0.482029	0.491045	0.46036	0.467387
chr21	26750000	26800000	0.31102	0.392389	0.426872	0.443418	0.426025	0.417128
chr21	26800000	26850000	0.262335	0.36568	0.39071	0.402243	0.391694	0.377561
chr21	26850000	26900000	0.270375	0.358338	0.386889	0.397282	0.395298	0.373129
chr21	26900000	26950000	0.325664	0.388214	0.420334	0.453141	0.430542	0.42037
chr21	26950000	27000000	0.42307	0.464261	0.503955	0.531423	0.509977	0.488377
chr21	27000000	27050000	0.564979	0.594465	0.597333	0.622923	0.609502	0.593957
chr21	27050000	27100000	0.619555	0.620658	0.640045	0.654062	0.656928	0.628098
chr21	27100000	27150000	0.651218	0.636364	0.687109	0.693559	0.698485	0.649527
chr21	27150000	27200000	0.669154	0.654921	0.73358	0.723592	0.729889	0.684813
chr21	27200000	27250000	0.692557	0.654843	0.778959	0.779187	0.768237	0.729271
chr21	27250000	27300000	0.729421	0.683759	0.793926	0.805217	0.795894	0.762225
chr21	27300000	27350000	0.782971	0.705148	0.795706	0.819996	0.814625	0.813536
chr21	27350000	27400000	0.821643	0.746845	0.796255	0.821325	0.827158	0.855712
chr21	27400000	27450000	0.834353	0.76162	0.781776	0.804209	0.812431	0.851189
chr21	27450000	27500000	0.82708	0.763624	0.729128	0.780487	0.785049	0.826804
chr21	27500000	27550000	0.77425	0.708127	0.655038	0.726399	0.747076	0.756569
chr21	27550000	27600000	0.721407	0.700283	0.627263	0.682799	0.697915	0.697207
chr21	27600000	27650000	0.733868	0.759958	0.648947	0.699805	0.700799	0.706856
chr21	27650000	27700000	0.774502	0.818986	0.703459	0.73952	0.733094	0.757103
chr21	27700000	27750000	0.80488	0.866128	0.720947	0.74442	0.75636	0.774907
chr21	27750000	27800000	0.828344	0.911611	0.728216	0.750407	0.76386	0.798257
chr21	27800000	27850000	0.815753	0.913373	0.739086	0.748244	0.760047	0.794049
chr21	27850000	27900000	0.770236	0.880132	0.736451	0.711478	0.739134	0.76329
chr21	27900000	27950000	0.69168	0.811616	0.711656	0.68051	0.700926	0.701687
chr21	27950000	28000000	0.598232	0.710176	0.678452	0.643871	0.655668	0.64261
chr21	28000000	28050000	0.495414	0.596523	0.642208	0.615681	0.618519	0.573352
chr21	28050000	28100000	0.386455	0.439852	0.589303	0.56139	0.567665	0.492102
chr21	28100000	28150000	0.347559	0.372597	0.564555	0.535496	0.515533	0.454616
chr21	28150000	28200000	0.368313	0.33428	0.556655	0.539921	0.503483	0.468174
chr21	28200000	28250000	0.430398	0.373828	0.566748	0.555774	0.522849	0.504249
chr21	28250000	28300000	0.507889	0.470869	0.596046	0.584698	0.550618	0.549207
chr21	28300000	28350000	0.592137	0.597504	0.641704	0.619022	0.606858	0.60959
chr21	28350000	28400000	0.655485	0.687125	0.671413	0.644711	0.653789	0.657476
chr21	28400000	28450000	0.710872	0.748734	0.696839	0.661357	0.685038	0.688636
chr21	28450000	28500000	0.746363	0.777722	0.725932	0.676674	0.706689	0.710535
chr21	28500000	28550000	0.764204	0.807419	0.733786	0.701542	0.720618	0.728977
chr21	28550000	28600000	0.770133	0.793939	0.749267	0.722202	0.727659	0.75333
chr21	28600000	28650000	0.76854	0.795442	0.76093	0.722243	0.727257	0.757453
chr21	28650000	28700000	0.764235	0.805486	0.774594	0.73496	0.724556	0.769544
chr21	28700000	28750000	0.757914	0.814289	0.772159	0.730642	0.719204	0.760587
chr21	28750000	28800000	0.750341	0.810953	0.775649	0.723243	0.720164	0.748657
chr21	28800000	28850000	0.744317	0.795627	0.776626	0.722446	0.721903	0.745758
chr21	28850000	28900000	0.73893	0.751284	0.768577	0.728402	0.721973	0.734343
chr21	28900000	28950000	0.73192	0.7253	0.771285	0.732246	0.726098	0.728758
chr21	28950000	29000000	0.728048	0.736094	0.759978	0.732254	0.711706	0.715913
chr21	29000000	29050000	0.719197	0.707173	0.753373	0.729814	0.703712	0.709765
chr21	29050000	29100000	0.711169	0.705938	0.759853	0.733682	0.699443	0.706632
chr21	29100000	29150000	0.711753	0.717047	0.758679	0.715854	0.70567	0.715356
chr21	29150000	29200000	0.713621	0.727309	0.761794	0.733025	0.70666	0.715574
chr21	29200000	29250000	0.713615	0.717815	0.755102	0.723787	0.701042	0.716356
chr21	29250000	29300000	0.713487	0.744372	0.759278	0.724973	0.702032	0.723293
chr21	29300000	29350000	0.71626	0.754073	0.770092	0.71931	0.708314	0.7215
chr21	29350000	29400000	0.720932	0.726862	0.765816	0.709216	0.727536	0.719539
chr21	29400000	29450000	0.725423	0.709011	0.756065	0.698568	0.709681	0.705463
chr21	29450000	29500000	0.723265	0.685019	0.739406	0.695333	0.700784	0.704761
chr21	29500000	29550000	0.735695	0.695335	0.753437	0.706189	0.70234	0.715421
chr21	29550000	29600000	0.74152	0.732462	0.739024	0.708033	0.690208	0.713309
chr21	29600000	29650000	0.746897	0.756097	0.742744	0.706191	0.692573	0.719292
chr21	29650000	29700000	0.751156	0.753911	0.743997	0.714418	0.700605	0.72688
chr21	29700000	29750000	0.755111	0.768651	0.734219	0.718119	0.711871	0.733268
chr21	29750000	29800000	0.762748	0.809164	0.721041	0.708702	0.716738	0.728854
chr21	29800000	29850000	0.747722	0.829459	0.694845	0.690596	0.692207	0.716951
chr21	29850000	29900000	0.707003	0.811852	0.679578	0.666873	0.681469	0.703361
chr21	29900000	29950000	0.655913	0.746943	0.632876	0.632657	0.647763	0.656559
chr21	29950000	30000000	0.588736	0.664576	0.571803	0.577166	0.584487	0.619297
chr21	30000000	30050000	0.500951	0.585474	0.477467	0.510018	0.518002	0.539072
chr21	30050000	30100000	0.396508	0.435587	0.406043	0.450074	0.448081	0.463056
chr21	30100000	30150000	0.334675	0.347738	0.390107	0.418012	0.431104	0.418365
chr21	30150000	30200000	0.352474	0.343198	0.413731	0.429348	0.421656	0.42758
chr21	30200000	30250000	0.392249	0.343454	0.430057	0.448522	0.438823	0.429325
chr21	30250000	30300000	0.423567	0.372628	0.477996	0.508519	0.492658	0.45659
chr21	30300000	30350000	0.451083	0.410054	0.574573	0.605265	0.576103	0.512497
chr21	30350000	30400000	0.50838	0.518988	0.681317	0.704196	0.666172	0.586154
chr21	30400000	30450000	0.562009	0.580921	0.759087	0.76806	0.736162	0.637699
chr21	30450000	30500000	0.659806	0.649265	0.786204	0.815552	0.799028	0.720003
chr21	30500000	30550000	0.79775	0.774098	0.81654	0.87357	0.878058	0.845956
chr21	30550000	30600000	0.892004	0.833144	0.814736	0.880988	0.908199	0.922652
chr21	30600000	30650000	0.907991	0.817389	0.781304	0.86674	0.89846	0.930325
chr21	30650000	30700000	0.826991	0.723755	0.679265	0.768934	0.813545	0.853031
chr21	30700000	30750000	0.669705	0.563793	0.587831	0.66155	0.698515	0.712767
chr21	30750000	30800000	0.562061	0.472065	0.530788	0.58395	0.609825	0.614064
chr21	30800000	30850000	0.474531	0.457083	0.476691	0.528934	0.527476	0.539772
chr21	30850000	30900000	0.443316	0.494647	0.459471	0.487072	0.482487	0.499622
chr21	30900000	30950000	0.485581	0.585199	0.464769	0.495265	0.480368	0.518479
chr21	30950000	31000000	0.537348	0.687344	0.495174	0.515184	0.504009	0.558708
chr21	31000000	31050000	0.589827	0.753471	0.532595	0.553903	0.539964	0.599556
chr21	31050000	31100000	0.638507	0.787374	0.562101	0.583586	0.577027	0.632451
chr21	31100000	31150000	0.682458	0.808759	0.612328	0.612106	0.618792	0.660103
chr21	31150000	31200000	0.716094	0.798508	0.662011	0.641884	0.657843	0.679733
chr21	31200000	31250000	0.720281	0.779492	0.683977	0.665617	0.675091	0.691636
chr21	31250000	31300000	0.724782	0.767369	0.727938	0.696085	0.700543	0.709045
chr21	31300000	31350000	0.738392	0.769407	0.747965	0.72349	0.698456	0.712721
chr21	31350000	31400000	0.751462	0.762651	0.76068	0.747242	0.716442	0.70687
chr21	31400000	31450000	0.757844	0.748523	0.765871	0.75628	0.735731	0.716086
chr21	31450000	31500000	0.77034	0.724197	0.782485	0.760385	0.733887	0.728415
chr21	31500000	31550000	0.782159	0.71442	0.798006	0.769807	0.728535	0.738152
chr21	31550000	31600000	0.789977	0.703199	0.809396	0.77469	0.734715	0.7405
chr21	31600000	31650000	0.790737	0.699113	0.795293	0.769665	0.738721	0.733434
chr21	31650000	31700000	0.796134	0.729679	0.808983	0.770173	0.746753	0.749819
chr21	31700000	31750000	0.806142	0.766907	0.813631	0.770066	0.763709	0.756552
chr21	31750000	31800000	0.806333	0.798223	0.804195	0.765831	0.750437	0.749464
chr21	31800000	31850000	0.814635	0.83188	0.803306	0.775607	0.754982	0.756967
chr21	31850000	31900000	0.820739	0.861154	0.809773	0.770393	0.767475	0.756383
chr21	31900000	31950000	0.82438	0.901129	0.795781	0.75188	0.773694	0.770943
chr21	31950000	32000000	0.824757	0.923943	0.77212	0.739894	0.747452	0.773757
chr21	32000000	32050000	0.816182	0.906266	0.751621	0.730294	0.72082	0.758065
chr21	32050000	32100000	0.78587	0.857795	0.72419	0.694314	0.694253	0.73241
chr21	32100000	32150000	0.744702	0.77896	0.658286	0.655145	0.655373	0.696111
chr21	32150000	32200000	0.688606	0.689678	0.598599	0.595047	0.612337	0.651571
chr21	32200000	32250000	0.642932	0.623243	0.554321	0.546715	0.56972	0.628742
chr21	32250000	32300000	0.596813	0.591624	0.506239	0.49828	0.538216	0.59775
chr21	32300000	32350000	0.532943	0.546523	0.464572	0.467176	0.502487	0.555547
chr21	32350000	32400000	0.454881	0.47083	0.419217	0.440146	0.468704	0.500862
chr21	32400000	32450000	0.346286	0.369643	0.389636	0.404512	0.421153	0.414663
chr21	32450000	32500000	0.311226	0.357483	0.392321	0.420415	0.422397	0.378609
chr21	32500000	32550000	0.386797	0.446443	0.45075	0.48614	0.484678	0.45013
chr21	32550000	32600000	0.501752	0.514168	0.500767	0.559506	0.559185	0.527214
chr21	32600000	32650000	0.713679	0.655683	0.572257	0.692136	0.722549	0.738487
chr21	32650000	32700000	0.897117	0.806926	0.670617	0.842268	0.912162	0.945573
chr21	32700000	32750000	0.983582	0.847908	0.731417	0.916119	0.99418	1.023135
chr21	32750000	32800000	1.021848	0.837708	0.783257	0.97251	1.04291	1.068372
chr21	32800000	32850000	0.949638	0.796711	0.813025	0.95368	1.000198	1.004491
chr21	32850000	32900000	0.833148	0.735254	0.765953	0.865101	0.908129	0.884411
chr21	32900000	32950000	0.668642	0.639775	0.705302	0.725853	0.728447	0.68282
chr21	32950000	33000000	0.518902	0.564247	0.644669	0.625457	0.595212	0.543915
chr21	33000000	33050000	0.446952	0.523719	0.593995	0.558574	0.526415	0.466394
chr21	33050000	33100000	0.429664	0.506528	0.547237	0.518123	0.497775	0.448923
chr21	33100000	33150000	0.432612	0.495292	0.492414	0.486499	0.477498	0.444128
chr21	33150000	33200000	0.514705	0.569849	0.548954	0.543966	0.547073	0.51413
chr21	33200000	33250000	0.629385	0.665485	0.628938	0.599067	0.618882	0.601251
chr21	33250000	33300000	0.753779	0.783326	0.723491	0.691944	0.713442	0.713869
chr21	33300000	33350000	0.897322	0.9001	0.819096	0.776033	0.809534	0.84863
chr21	33350000	33400000	0.972047	0.982514	0.867839	0.836254	0.853235	0.910165
chr21	33400000	33450000	0.977479	1.004801	0.863394	0.8327	0.851458	0.908934
chr21	33450000	33500000	0.911591	0.944394	0.798659	0.773003	0.796906	0.851025
chr21	33500000	33550000	0.814847	0.843984	0.713247	0.695616	0.726419	0.760666
chr21	33550000	33600000	0.67144	0.695853	0.599864	0.592872	0.599721	0.622564
chr21	33600000	33650000	0.523247	0.522759	0.508339	0.502598	0.515413	0.496143
chr21	33650000	33700000	0.527913	0.493462	0.524445	0.543233	0.544747	0.518101
chr21	33700000	33750000	0.610773	0.524217	0.601553	0.609334	0.627267	0.595498
chr21	33750000	33800000	0.704966	0.590311	0.645316	0.679916	0.706975	0.678495
chr21	33800000	33850000	0.841273	0.702243	0.714574	0.783524	0.812709	0.817663
chr21	33850000	33900000	0.874247	0.727035	0.745477	0.826135	0.843887	0.864714
chr21	33900000	33950000	0.814085	0.689131	0.747848	0.801351	0.818578	0.800229
chr21	33950000	34000000	0.675839	0.573867	0.695581	0.717623	0.718989	0.655033
chr21	34000000	34050000	0.644652	0.570901	0.675853	0.688371	0.676805	0.622492
chr21	34050000	34100000	0.682743	0.617902	0.673732	0.670276	0.667269	0.661308
chr21	34100000	34150000	0.669432	0.572291	0.630911	0.633167	0.634224	0.6376
chr21	34150000	34200000	0.649548	0.55813	0.617137	0.617256	0.624309	0.607198
chr21	34200000	34250000	0.715296	0.663081	0.675037	0.681501	0.680536	0.654504
chr21	34250000	34300000	0.838482	0.809869	0.755314	0.757057	0.768637	0.77299
chr21	34300000	34350000	0.911672	0.894827	0.799719	0.813191	0.826731	0.857276
chr21	34350000	34400000	0.957894	0.939414	0.819135	0.83824	0.875717	0.923367
chr21	34400000	34450000	0.996674	0.980198	0.806285	0.855267	0.909869	0.973148
chr21	34450000	34500000	0.948914	0.929452	0.749494	0.818376	0.863974	0.915902
chr21	34500000	34550000	0.857153	0.821608	0.698289	0.763704	0.810282	0.843434
chr21	34550000	34600000	0.779978	0.721388	0.634605	0.706	0.753285	0.766869
chr21	34600000	34650000	0.82121	0.735266	0.633501	0.721213	0.793836	0.823371
chr21	34650000	34700000	0.81935	0.74192	0.628931	0.714609	0.798702	0.840294
chr21	34700000	34750000	0.770179	0.687286	0.609001	0.695332	0.759745	0.79097
chr21	34750000	34800000	0.722212	0.658472	0.632829	0.689947	0.731724	0.754163
chr21	34800000	34850000	0.633907	0.587749	0.659985	0.6668	0.686953	0.654096
chr21	34850000	34900000	0.613013	0.566419	0.688012	0.662468	0.66331	0.628058
chr21	34900000	34950000	0.608251	0.558998	0.699037	0.662318	0.642313	0.60593
chr21	34950000	35000000	0.617154	0.553534	0.685769	0.656522	0.627488	0.594747
chr21	35000000	35050000	0.661588	0.575423	0.647637	0.637658	0.624902	0.621376
chr21	35050000	35100000	0.71835	0.626726	0.643056	0.653564	0.653368	0.667526
chr21	35100000	35150000	0.735893	0.663364	0.66831	0.672929	0.676614	0.686454
chr21	35150000	35200000	0.724101	0.635306	0.670929	0.675015	0.669973	0.664785
chr21	35200000	35250000	0.664116	0.600922	0.653177	0.648438	0.644911	0.619287
chr21	35250000	35300000	0.600239	0.537405	0.610218	0.633693	0.628902	0.571228
chr21	35300000	35350000	0.683464	0.60854	0.620733	0.686903	0.691615	0.6588
chr21	35350000	35400000	0.813415	0.714325	0.662873	0.765372	0.796808	0.793981
chr21	35400000	35450000	0.908131	0.799662	0.683089	0.819222	0.866904	0.888181
chr21	35450000	35500000	0.932681	0.844154	0.710282	0.840678	0.886519	0.909772
chr21	35500000	35550000	0.944825	0.894433	0.764233	0.856921	0.892217	0.910396
chr21	35550000	35600000	0.902006	0.868601	0.77963	0.827218	0.846571	0.873067
chr21	35600000	35650000	0.811715	0.78779	0.778578	0.771754	0.781354	0.7742
chr21	35650000	35700000	0.705292	0.644626	0.730234	0.697344	0.692959	0.650519
chr21	35700000	35750000	0.620222	0.558268	0.668476	0.628874	0.623398	0.584889
chr21	35750000	35800000	0.649909	0.616578	0.660243	0.633626	0.628433	0.615304
chr21	35800000	35850000	0.735086	0.730119	0.670687	0.668042	0.684357	0.716585
chr21	35850000	35900000	0.803744	0.809289	0.681776	0.706413	0.74429	0.805624
chr21	35900000	35950000	0.779837	0.821581	0.689266	0.69648	0.735119	0.784291
chr21	35950000	36000000	0.650953	0.717535	0.674087	0.657768	0.657549	0.671818
chr21	36000000	36050000	0.524938	0.618901	0.660827	0.6328	0.598634	0.550673
chr21	36050000	36100000	0.511143	0.572162	0.672593	0.636685	0.587717	0.519332
chr21	36100000	36150000	0.578004	0.573037	0.679858	0.657297	0.629504	0.570242
chr21	36150000	36200000	0.680224	0.641831	0.697551	0.699756	0.711014	0.657389
chr21	36200000	36250000	0.723157	0.652119	0.727421	0.751063	0.761902	0.703853
chr21	36250000	36300000	0.749927	0.662557	0.746385	0.781266	0.789674	0.731121
chr21	36300000	36350000	0.834763	0.757523	0.799317	0.857046	0.869546	0.838331
chr21	36350000	36400000	0.874592	0.829655	0.831275	0.896766	0.90679	0.896502
chr21	36400000	36450000	0.897645	0.863404	0.843708	0.944703	0.944525	0.940487
chr21	36450000	36500000	0.961784	0.925393	0.851168	0.969136	0.982182	1.00793
chr21	36500000	36550000	0.99375	0.950315	0.833451	0.971422	0.978351	1.021254
chr21	36550000	36600000	0.995217	0.950483	0.805763	0.943512	0.967049	0.992595
chr21	36600000	36650000	0.937008	0.903781	0.740167	0.874512	0.909428	0.915871
chr21	36650000	36700000	0.8509	0.836324	0.700471	0.812433	0.837493	0.837168
chr21	36700000	36750000	0.753544	0.80788	0.702502	0.77741	0.779829	0.758115
chr21	36750000	36800000	0.659849	0.802642	0.713955	0.742523	0.731336	0.681009
chr21	36800000	36850000	0.672313	0.828598	0.748894	0.75998	0.762085	0.697925
chr21	36850000	36900000	0.73916	0.88603	0.801054	0.80949	0.800027	0.764493
chr21	36900000	36950000	0.821972	0.934826	0.832691	0.84759	0.849268	0.840696
chr21	36950000	37000000	0.889382	0.944721	0.856373	0.863476	0.886476	0.885039
chr21	37000000	37050000	0.947092	0.9608	0.857638	0.87689	0.908584	0.916034
chr21	37050000	37100000	0.977357	0.965007	0.843328	0.861199	0.899017	0.926599
chr21	37100000	37150000	0.952604	0.935169	0.801556	0.816402	0.849544	0.86955
chr21	37150000	37200000	0.874889	0.864873	0.760604	0.76865	0.786226	0.792639
chr21	37200000	37250000	0.779689	0.794798	0.712014	0.716801	0.724772	0.716253
chr21	37250000	37300000	0.716086	0.714982	0.655185	0.650729	0.657773	0.655907
chr21	37300000	37350000	0.636929	0.616735	0.596387	0.590762	0.601635	0.581901
chr21	37350000	37400000	0.558454	0.527802	0.577889	0.559695	0.540796	0.511655
chr21	37400000	37450000	0.504927	0.453836	0.56264	0.525368	0.49607	0.471516
chr21	37450000	37500000	0.471374	0.406686	0.551404	0.516105	0.488303	0.4326
chr21	37500000	37550000	0.540759	0.456858	0.596729	0.568985	0.547415	0.49475
chr21	37550000	37600000	0.678004	0.594169	0.662909	0.656884	0.673532	0.646234
chr21	37600000	37650000	0.729924	0.660565	0.684944	0.71126	0.720417	0.705771
chr21	37650000	37700000	0.717987	0.630731	0.682518	0.69886	0.713697	0.700604
chr21	37700000	37750000	0.658962	0.585108	0.670128	0.676951	0.682897	0.642214
chr21	37750000	37800000	0.619625	0.534056	0.656477	0.656916	0.66175	0.621243
chr21	37800000	37850000	0.653092	0.561028	0.668182	0.668974	0.688132	0.662742
chr21	37850000	37900000	0.705919	0.680142	0.732527	0.712608	0.729655	0.71406
chr21	37900000	37950000	0.766467	0.762444	0.761711	0.745387	0.790351	0.773406
chr21	37950000	38000000	0.797984	0.799151	0.744363	0.755652	0.805333	0.798782
chr21	38000000	38050000	0.861177	0.848381	0.714324	0.766149	0.829676	0.858036
chr21	38050000	38100000	0.926013	0.895613	0.702629	0.809815	0.877081	0.93553
chr21	38100000	38150000	0.934557	0.875221	0.688632	0.816927	0.886531	0.947929
chr21	38150000	38200000	0.91137	0.827352	0.687204	0.783637	0.856646	0.908272
chr21	38200000	38250000	0.800509	0.758164	0.680905	0.732859	0.784707	0.791524
chr21	38250000	38300000	0.666575	0.62973	0.66286	0.684129	0.69357	0.655517
chr21	38300000	38350000	0.567828	0.539825	0.656744	0.637128	0.6326	0.558885
chr21	38350000	38400000	0.590817	0.56141	0.669596	0.659481	0.64325	0.577808
chr21	38400000	38450000	0.623802	0.580938	0.696291	0.68089	0.67142	0.621354
chr21	38450000	38500000	0.624946	0.588439	0.734316	0.703236	0.684203	0.625589
chr21	38500000	38550000	0.666538	0.61965	0.777992	0.744489	0.722607	0.671776
chr21	38550000	38600000	0.7295	0.670356	0.770263	0.756343	0.746835	0.724973
chr21	38600000	38650000	0.814834	0.710752	0.736583	0.735689	0.755193	0.762268
chr21	38650000	38700000	0.880534	0.760059	0.705011	0.735182	0.763048	0.80324
chr21	38700000	38750000	0.870907	0.757309	0.645609	0.693853	0.741506	0.780772
chr21	38750000	38800000	0.81387	0.725461	0.573748	0.636454	0.683553	0.739583
chr21	38800000	38850000	0.72276	0.69247	0.51328	0.561895	0.598892	0.654272
chr21	38850000	38900000	0.609939	0.613153	0.458259	0.485509	0.521567	0.574634
chr21	38900000	38950000	0.500058	0.528315	0.391636	0.434737	0.458138	0.50201
chr21	38950000	39000000	0.426012	0.477703	0.382448	0.428313	0.437646	0.477024
chr21	39000000	39050000	0.363153	0.428032	0.419838	0.443587	0.440951	0.463361
chr21	39050000	39100000	0.364826	0.451762	0.441221	0.448231	0.453201	0.457083
chr21	39100000	39150000	0.449111	0.543115	0.466613	0.482378	0.48346	0.506565
chr21	39150000	39200000	0.554656	0.659673	0.493591	0.520124	0.535372	0.57518
chr21	39200000	39250000	0.687249	0.787257	0.578252	0.583566	0.615646	0.655204
chr21	39250000	39300000	0.815003	0.887819	0.692831	0.682489	0.699387	0.745315
chr21	39300000	39350000	0.921206	0.956741	0.805081	0.757926	0.790348	0.82565
chr21	39350000	39400000	1.004252	1.012616	0.89471	0.83683	0.85781	0.88853
chr21	39400000	39450000	1.03289	0.995115	0.93662	0.875012	0.893316	0.904611
chr21	39450000	39500000	1.003942	0.938526	0.934978	0.896667	0.900327	0.881765
chr21	39500000	39550000	0.939546	0.870959	0.898701	0.849433	0.842693	0.830311
chr21	39550000	39600000	0.86675	0.830659	0.831843	0.783738	0.794736	0.7748
chr21	39600000	39650000	0.779821	0.820271	0.743723	0.705102	0.709037	0.715471
chr21	39650000	39700000	0.674148	0.753304	0.677736	0.63205	0.654981	0.645556
chr21	39700000	39750000	0.569641	0.672133	0.627965	0.588219	0.612379	0.582238
chr21	39750000	39800000	0.525425	0.665644	0.614952	0.583716	0.601921	0.571411
chr21	39800000	39850000	0.506412	0.666746	0.607054	0.588299	0.593772	0.565378
chr21	39850000	39900000	0.530141	0.661232	0.597421	0.58804	0.590134	0.572986
chr21	39900000	39950000	0.597311	0.687762	0.604193	0.5983	0.614723	0.603864
chr21	39950000	40000000	0.626531	0.714861	0.595416	0.594155	0.619406	0.617128
chr21	40000000	40050000	0.641264	0.706745	0.573529	0.583059	0.612975	0.617273
chr21	40050000	40100000	0.678998	0.704223	0.568227	0.614491	0.647174	0.643893
chr21	40100000	40150000	0.804111	0.765153	0.627541	0.711558	0.756834	0.752829
chr21	40150000	40200000	0.958276	0.895059	0.71963	0.864224	0.905021	0.938863
chr21	40200000	40250000	1.028569	0.956655	0.786284	0.95317	0.996851	1.05446
chr21	40250000	40300000	1.014917	0.96077	0.777784	0.961617	1.028412	1.056598
chr21	40300000	40350000	0.966046	0.924219	0.783749	0.95888	1.013557	1.031131
chr21	40350000	40400000	0.891829	0.88324	0.797692	0.934465	0.969176	0.958671
chr21	40400000	40450000	0.786491	0.80057	0.773509	0.849155	0.883336	0.843279
chr21	40450000	40500000	0.6499	0.65744	0.719994	0.748852	0.753828	0.682937
chr21	40500000	40550000	0.549438	0.522452	0.676966	0.669476	0.66524	0.57077
chr21	40550000	40600000	0.567717	0.536305	0.706633	0.693328	0.666236	0.580009
chr21	40600000	40650000	0.651823	0.611354	0.765667	0.729848	0.705252	0.644866
chr21	40650000	40700000	0.684426	0.611295	0.753966	0.730911	0.701539	0.650762
chr21	40700000	40750000	0.672684	0.604247	0.714357	0.685354	0.675939	0.627413
chr21	40750000	40800000	0.593546	0.564701	0.658726	0.639503	0.631772	0.553075
chr21	40800000	40850000	0.532068	0.554886	0.623119	0.603784	0.591698	0.524455
chr21	40850000	40900000	0.56022	0.608684	0.636273	0.632154	0.617274	0.589698
chr21	40900000	40950000	0.671524	0.697813	0.656761	0.677545	0.699284	0.733528
chr21	40950000	41000000	0.728186	0.738972	0.626802	0.685458	0.740956	0.798934
chr21	41000000	41050000	0.683821	0.706133	0.584067	0.644649	0.710316	0.77364
chr21	41050000	41100000	0.533062	0.579249	0.524043	0.571254	0.602966	0.628005
chr21	41100000	41150000	0.428116	0.489298	0.492692	0.528821	0.538953	0.545414
chr21	41150000	41200000	0.437199	0.522248	0.489358	0.512194	0.523172	0.535177
chr21	41200000	41250000	0.521341	0.622544	0.523623	0.528752	0.540317	0.554213
chr21	41250000	41300000	0.630376	0.757834	0.590449	0.579875	0.590832	0.609584
chr21	41300000	41350000	0.727015	0.832997	0.678004	0.649069	0.652507	0.678702
chr21	41350000	41400000	0.793926	0.869143	0.723314	0.704377	0.706388	0.732638
chr21	41400000	41450000	0.824048	0.846804	0.765708	0.733455	0.750912	0.763019
chr21	41450000	41500000	0.817581	0.759486	0.805208	0.768348	0.769277	0.768651
chr21	41500000	41550000	0.807457	0.697753	0.836216	0.789499	0.791726	0.769262
chr21	41550000	41600000	0.813131	0.728974	0.834916	0.788335	0.796786	0.785595
chr21	41600000	41650000	0.831194	0.789316	0.846497	0.810762	0.810428	0.803905
chr21	41650000	41700000	0.853154	0.825985	0.861645	0.836279	0.827366	0.808203
chr21	41700000	41750000	0.870709	0.851512	0.876498	0.846644	0.833802	0.813142
chr21	41750000	41800000	0.889073	0.864889	0.900873	0.858266	0.847767	0.813327
chr21	41800000	41850000	0.898063	0.877361	0.900224	0.858307	0.858317	0.830878
chr21	41850000	41900000	0.900064	0.875987	0.915714	0.867042	0.86802	0.831016
chr21	41900000	41950000	0.901107	0.895226	0.911393	0.881233	0.865154	0.828219
chr21	41950000	42000000	0.898219	0.897447	0.904762	0.85629	0.858407	0.827959
chr21	42000000	42050000	0.909261	0.924743	0.902338	0.85484	0.865595	0.842415
chr21	42050000	42100000	0.910656	0.94585	0.886265	0.834613	0.842383	0.853264
chr21	42100000	42150000	0.90505	0.951595	0.843235	0.805304	0.810043	0.836519
chr21	42150000	42200000	0.867395	0.934945	0.797268	0.769436	0.777247	0.80073
chr21	42200000	42250000	0.798792	0.852178	0.736908	0.711689	0.706458	0.738596
chr21	42250000	42300000	0.711361	0.745864	0.671711	0.635388	0.627488	0.671074
chr21	42300000	42350000	0.596229	0.642209	0.558661	0.552022	0.541716	0.574733
chr21	42350000	42400000	0.453743	0.521127	0.449728	0.461646	0.445059	0.482781
chr21	42400000	42450000	0.338876	0.416251	0.409321	0.420393	0.404746	0.401647
chr21	42450000	42500000	0.334544	0.398997	0.450453	0.447807	0.430336	0.401229
chr21	42500000	42550000	0.444367	0.505925	0.515048	0.508808	0.494966	0.462847
chr21	42550000	42600000	0.570429	0.622006	0.590652	0.587496	0.571103	0.563246
chr21	42600000	42650000	0.655291	0.686956	0.649358	0.636209	0.621374	0.630789
chr21	42650000	42700000	0.720025	0.747027	0.675562	0.651367	0.652846	0.681001
chr21	42700000	42750000	0.800625	0.846559	0.718256	0.686095	0.717072	0.759896
chr21	42750000	42800000	0.809544	0.849574	0.70346	0.677002	0.712596	0.752785
chr21	42800000	42850000	0.754729	0.789872	0.686431	0.650916	0.683885	0.701691
chr21	42850000	42900000	0.703093	0.727966	0.671468	0.62732	0.675317	0.65451
chr21	42900000	42950000	0.685322	0.706426	0.662507	0.638445	0.695179	0.657245
chr21	42950000	43000000	0.733381	0.743036	0.735738	0.731208	0.765897	0.720124
chr21	43000000	43050000	0.675773	0.617943	0.61703	0.665902	0.692367	0.664825
chr21	43050000	43100000	0.780298	0.699626	0.635726	0.737053	0.793911	0.789337
chr21	43100000	43150000	0.846161	0.748613	0.670193	0.802922	0.862653	0.866362
chr21	43150000	43200000	0.819452	0.71434	0.680679	0.81096	0.868726	0.837309
chr21	43200000	43250000	0.783703	0.67761	0.707437	0.817015	0.873097	0.816703
chr21	43250000	43300000	0.788724	0.715703	0.737599	0.834427	0.876253	0.826642
chr21	43300000	43350000	0.827325	0.721955	0.750489	0.846478	0.903808	0.858895
chr21	43350000	43400000	0.81871	0.711022	0.741457	0.81403	0.866883	0.820697
chr21	43400000	43450000	0.809739	0.709671	0.720537	0.793721	0.819205	0.800091
chr21	43450000	43500000	0.796506	0.712296	0.716266	0.760043	0.776122	0.781754
chr21	43500000	43550000	0.724739	0.704565	0.724086	0.722796	0.718442	0.695129
chr21	43550000	43600000	0.738428	0.734964	0.724215	0.711822	0.721451	0.69957
chr21	43600000	43650000	0.835041	0.822416	0.760137	0.752102	0.781474	0.795012
chr21	43650000	43700000	0.831596	0.849502	0.780058	0.762382	0.783591	0.77895
chr21	43700000	43750000	0.818076	0.834225	0.789503	0.775321	0.792025	0.766621
chr21	43750000	43800000	0.827361	0.800796	0.783793	0.773572	0.792635	0.762185
chr21	43800000	43850000	0.835764	0.779023	0.772201	0.785326	0.804701	0.76133
chr21	43850000	43900000	0.795955	0.70703	0.762754	0.772179	0.796419	0.74079
chr21	43900000	43950000	0.790081	0.682307	0.748452	0.757846	0.774405	0.726047
chr21	43950000	44000000	0.773326	0.663252	0.742877	0.74424	0.7542	0.717101
chr21	44000000	44050000	0.806861	0.726862	0.75641	0.760105	0.786553	0.764621
chr21	44050000	44100000	0.857653	0.780967	0.758092	0.75968	0.809046	0.823143
chr21	44100000	44150000	0.861883	0.795571	0.738906	0.757662	0.799548	0.824181
chr21	44150000	44200000	0.812243	0.739284	0.713123	0.729533	0.769453	0.784998
chr21	44200000	44250000	0.696324	0.628117	0.68141	0.674013	0.698201	0.674562
chr21	44250000	44300000	0.633405	0.572659	0.669684	0.651182	0.65107	0.62197
chr21	44300000	44350000	0.66545	0.588356	0.668492	0.655538	0.665067	0.613402
chr21	44350000	44400000	0.759274	0.655447	0.653831	0.687259	0.679281	0.695275
chr21	44400000	44450000	0.804615	0.709546	0.665883	0.726776	0.716684	0.736938
chr21	44450000	44500000	0.778115	0.716206	0.696848	0.735979	0.750584	0.741237
chr21	44500000	44550000	0.667746	0.650807	0.691993	0.676289	0.707362	0.634019
chr21	44550000	44600000	0.657005	0.597075	0.716418	0.692397	0.722707	0.635084
chr21	44600000	44650000	0.780831	0.700591	0.807855	0.755458	0.838278	0.753975
chr21	44650000	44700000	0.916899	0.852424	0.879618	0.899003	0.93904	0.885016
chr21	44700000	44750000	0.991668	0.905596	0.788549	0.858145	0.917849	0.921762
chr21	44750000	44800000	1.063192	0.93212	0.769896	0.881503	0.963329	1.009686
chr21	44800000	44850000	1.057695	0.928563	0.74513	0.870452	0.960692	0.995594
chr21	44850000	44900000	1.015419	0.89622	0.711221	0.837847	0.930838	0.950615
chr21	44900000	44950000	0.931206	0.831035	0.709617	0.79783	0.857282	0.852973
chr21	44950000	45000000	0.846408	0.794962	0.732724	0.772633	0.800083	0.771708
chr21	45000000	45050000	0.737729	0.682398	0.729808	0.739283	0.74496	0.667773
chr21	45050000	45100000	0.61726	0.552526	0.691559	0.686069	0.666192	0.561195
chr21	45100000	45150000	0.590553	0.48519	0.680691	0.668384	0.652453	0.549846
chr21	45150000	45200000	0.600718	0.481175	0.697308	0.688005	0.673358	0.567775
chr21	45200000	45250000	0.665682	0.540558	0.716869	0.724365	0.71291	0.62096
chr21	45250000	45300000	0.80382	0.654471	0.7397	0.788499	0.814205	0.762852
chr21	45300000	45350000	0.858103	0.69264	0.769878	0.824002	0.85326	0.809302
chr21	45350000	45400000	0.829828	0.686227	0.787755	0.825447	0.841689	0.777008
chr21	45400000	45450000	0.806022	0.667602	0.77877	0.799817	0.820886	0.754147
chr21	45450000	45500000	0.778319	0.643821	0.783757	0.782869	0.790889	0.736696
chr21	45500000	45550000	0.71795	0.570423	0.7601	0.755757	0.760188	0.67973
chr21	45550000	45600000	0.74506	0.58155	0.765354	0.763564	0.778475	0.69051
chr21	45600000	45650000	0.846458	0.65826	0.778725	0.805367	0.83591	0.799904
chr21	45650000	45700000	0.826276	0.64403	0.745986	0.782987	0.821324	0.776969
chr21	45700000	45750000	0.720265	0.58719	0.707375	0.745009	0.75766	0.684351
chr21	45750000	45800000	0.677584	0.563701	0.697188	0.708809	0.726635	0.655464
chr21	45800000	45850000	0.703053	0.634018	0.703938	0.715277	0.718246	0.652172
chr21	45850000	45900000	0.684539	0.659976	0.694224	0.700488	0.701163	0.628989
chr21	45900000	45950000	0.717109	0.703692	0.723721	0.730702	0.71898	0.65427
chr21	45950000	46000000	0.848921	0.815755	0.798969	0.790723	0.806135	0.742612
chr21	46000000	46050000	0.955085	0.920636	0.857481	0.850331	0.867536	0.827512
chr21	46050000	46100000	0.98761	0.938372	0.874161	0.872438	0.888968	0.865385
chr21	46100000	46150000	0.922933	0.848518	0.800706	0.807822	0.824865	0.808802
chr21	46150000	46200000	0.830717	0.743056	0.725329	0.745088	0.759795	0.732536
chr21	46200000	46250000	0.774716	0.663602	0.684071	0.71229	0.711154	0.701587
chr21	46250000	46300000	0.777625	0.637571	0.686003	0.714833	0.727542	0.719931
chr21	46300000	46350000	0.776839	0.644934	0.725235	0.748242	0.751658	0.739016
chr21	46350000	46400000	0.800935	0.680981	0.748628	0.775783	0.782197	0.777619
chr21	46400000	46450000	0.872689	0.752234	0.783336	0.823134	0.833747	0.846393
chr21	46450000	46500000						
chr21	46500000	46550000						
chr21	46550000	46600000						
chr21	46600000	46650000						
chr21	46650000	46700000						
chr21	46700000	46750000						
